"First Name","Last Name"
"Caroline","Chapman"
"Chloe","Nelson"
"Natalie","Evans"
"Lucia","Rogers"
"Sienna","Warren"
"Amber","Warren"
"Dale","Campbell"
"James","Smith"
"Rubie","Adams"
"Myra","Warren"
"Darcy","Henderson"
"Evelyn","Hill"
"Lilianna","Anderson"
"Alina","Grant"
"Fenton","Carroll"
"Briony","Lloyd"
"Alan","Myers"
"Jared","Hunt"
"Mary","Thompson"
"Max","Thomas"
"Ellia","Gray"
"Nicholas","Scott"
"Lucy","Payne"
"Darcy","Miller"
"Lenny","Crawford"
"Annabella","Scott"
"Alford","Wilson"
"Andrew","Phillips"
"Adrian","Casey"
"Brianna","Richards"
"Sam","Nelson"
"Evelyn","Spencer"
"Honey","Farrell"
"Luke","Roberts"
"Sam","Cole"
"Miranda","Baker"
"James","Brown"
"Henry","Perry"
"Ned","Montgomery"
"Aiden","Robinson"
"Sabrina","Wells"
"Chloe","Thompson"
"Brooke","Brown"
"Robert","Payne"
"Grace","Higgins"
"Leonardo","Brooks"
"Camila","Perkins"
"Lydia","Allen"
"Steven","Hunt"
"Adison","Clark"
"Briony","Nelson"
"James","Brooks"
"Adrian","Andrews"
"Ryan","Campbell"
"Kevin","Harris"
"Clark","Payne"
"Daryl","Lloyd"
"Madaline","Douglas"
"Hailey","Spencer"
"Mary","Douglas"
"James","Adams"
"Amy","Armstrong"
"Eric","Johnston"
"Savana","Morgan"
"Darcy","Perry"
"Haris","Barnes"
"Ellia","Wright"
"Miller","Alexander"
"Heather","Spencer"
"Valeria","Walker"
"Maya","Moore"
"Alexander","Jones"
"Antony","Grant"
"Julian","Barrett"
"Jacob","Gray"
"Richard","Henderson"
"Miller","Ferguson"
"Abraham","Perry"
"Deanna","Edwards"
"Sawyer","Richards"
"Kelvin","Myers"
"Nicole","Chapman"
"Oscar","Cooper"
"Walter","Phillips"
"Dainton","Johnson"
"David","Spencer"
"Lucas","Cole"
"Heather","Johnston"
"Rubie","Scott"
"Brooke","Perkins"
"Victor","Edwards"
"Max","Allen"
"Edwin","Morgan"
"Andrew","Mason"
"Owen","Kelley"
"Frederick","Grant"
"Kate","West"
"Paul","Bailey"
"Paige","Crawford"
"Byron","Harris"
"Amanda","Wright"
"Ada","Morgan"
"Haris","Wells"
"Clark","Moore"
"Thomas","Douglas"
"Violet","Carter"
"Henry","Moore"
"Lana","Spencer"
"Catherine","Stewart"
"Brad","Ross"
"Oliver","Jones"
"Audrey","Clark"
"Darcy","Hawkins"
"Derek","Farrell"
"Ada","Mason"
"Myra","Nelson"
"Lucas","Hamilton"
"Edgar","Gray"
"Oliver","Henderson"
"Byron","Kelley"
"Arianna","Elliott"
"Caroline","Brown"
"Nicole","Morgan"
"Carina","Mason"
"Maya","Hall"
"Aida","Barrett"
"Grace","Hill"
"Gianna","Bailey"
"Catherine","Crawford"
"Lucia","Clark"
"Mike","Campbell"
"Nicholas","Mason"
"Alan","Casey"
"Kate","Turner"
"Ellia","Johnson"
"Arianna","Phillips"
"Albert","Riley"
"Violet","Jones"
"Sabrina","Carroll"
"Ryan","Casey"
"Kimberly","Carroll"
"Sienna","Hill"
"Max","Craig"
"Tara","Douglas"
"Ryan","Foster"
"Tess","Allen"
"Chloe","Davis"
"Arthur","Smith"
"Lucas","Carroll"
"Brianna","Armstrong"
"Catherine","Cole"
"Paige","Harper"
"Aiden","Martin"
"Nicole","Evans"
"Daryl","Cooper"
"Tess","Parker"
"Honey","Perry"
"Thomas","Cooper"
"Victor","Ferguson"
"Lydia","Chapman"
"Lyndon","Hunt"
"Anna","Walker"
"Alberta","Bennett"
"Alissa","Henderson"
"Byron","Myers"
"Amanda","Davis"
"Tess","Anderson"
"April","Robinson"
"Sam","Rogers"
"Brianna","Hall"
"David","Ryan"
"Max","Gibson"
"Jasmine","Gibson"
"Victor","Roberts"
"Alen","Hamilton"
"Derek","Baker"
"Heather","Hawkins"
"Alan","Adams"
"Lyndon","Morgan"
"Rosie","Holmes"
"Vincent","Walker"
"Amber","Ross"
"Dexter","Perkins"
"Evelyn","Watson"
"Tyler","Harris"
"Sydney","Myers"
"Anna","Spencer"
"Reid","Taylor"
"Clark","Chapman"
"Amelia","Morrison"
"Valeria","Nelson"
"Lucia","Payne"
"Tyler","Taylor"
"Madaline","Mitchell"
"Ada","Robinson"
"Ned","Fowler"
"Lyndon","Riley"
"Roman","Cooper"
"Jessica","Allen"
"Lucas","Higgins"
