first_name,last_name,phone_number,email,address
Melanie,Hancock,+1-298-318-0985x9667,mario07@example.net,"515 Christopher Circles Suite 568, Lozanoshire, IA 82926"
Juan,Johnson,620.250.4335x81048,thomascatherine@example.com,"PSC 4406, Box 1792, APO AP 79684"
Rebecca,Myers,907.523.0306x9593,jeffreyross@example.net,"PSC 8557, Box 7900, APO AE 60748"
Kathleen,Ayala,542.744.0594x6612,phillipsmichael@example.com,"6760 Harris Canyon Apt. 422, Aliciaport, KS 63598"
Aaron,Gomez,2586422691,walkercorey@example.com,"14261 Ashley Turnpike, West Jasminechester, CA 11287"
Debbie,Rivas,5785007522,russellconner@example.net,"3521 Alexander Square Apt. 746, North Adriennestad, ND 06057"
Elizabeth,Lowery,+1-917-476-3689,robbinseric@example.com,"77750 Young Way, Tamaraside, MH 58820"
Michelle,King,4695692590,ymarsh@example.net,"8564 Jason Ranch, Atkinsfort, NV 07172"
Nathan,Cobb,7712979566,christopher34@example.net,"122 Williams Brook Apt. 103, New Sabrinaland, NE 78763"
Andrew,Blake,+1-609-272-2700x501,sophiamccarthy@example.com,"119 Andrea Divide, New Danielleport, VI 41406"
Chad,Morales,(326)471-4424,lesliewalsh@example.org,"852 Shannon Stream, New Patrickview, ND 97758"
Amanda,Castro,646-348-0796x0056,clewis@example.org,"34478 Robles Keys Apt. 067, Thomasfurt, CA 46777"
David,Gonzalez,(285)668-0929x3010,hparker@example.net,"Unit 0362 Box 0895, DPO AP 51248"
Juan,Horne,(763)498-3267x661,shepardmarie@example.net,"005 Joshua Union Suite 684, Butlerside, VI 71981"
John,Lowe,001-717-804-8948,ajoseph@example.com,"96433 Golden Mountain, Julieburgh, NY 40520"
Arthur,Clark,519.315.9894,elliottsarah@example.com,"586 Roberts Wall, West Danielville, AR 94756"
Troy,Cantu,+1-925-471-5297x735,esnyder@example.com,"352 Jacob Ramp, West Kevin, IL 98385"
Deborah,Meadows,001-450-922-0940x100,lori09@example.org,"96876 Theresa Rapids Suite 562, East Erikburgh, GA 43779"
Kristine,Dougherty,483-265-5512,elliottdestiny@example.net,"775 Mclean Rapid, West Christopher, CT 04689"
Andrew,Blair,7384274730,wrightdavid@example.net,"3813 Kelly Pine, Sandrabury, SC 52353"
Ryan,Fritz,+1-609-976-6327x333,zramsey@example.net,"498 Stafford Manor, New Amandaberg, OR 20729"
Colleen,Bennett,001-221-809-9582x768,sweeneyclaire@example.com,"848 Dustin Tunnel, Williamstown, CT 05850"
Alexandra,Brady,001-260-418-4641x936,josephtaylor@example.net,"43713 Smith Fords Suite 934, South Michaelview, DC 87087"
James,Porter,248.693.3286,zedwards@example.net,"5486 Owens Way, Emmaview, OH 49463"
Gerald,Parker,479-734-9952x7609,james15@example.net,"62199 Wilson Garden Suite 363, Clarkefort, SD 44138"
Steven,Williams,+1-880-320-0562,smithstephanie@example.org,"188 Jose Throughway, Crystalbury, OR 03312"
Benjamin,Lewis,8748067793,carl54@example.net,"5396 Ferguson View, Lake Carolyn, NE 80470"
Lauren,Lewis,918.828.4657x0080,hamiltonjeremiah@example.org,"86619 Gabrielle Loaf, New Zacharyfurt, CO 77012"
Jimmy,Bowen,403-427-8871x250,robertsonaaron@example.com,"446 Miller Station Suite 167, Williamstown, VT 70563"
Raymond,Cisneros,233.430.0160,vlogan@example.net,"26350 Ruiz Isle Apt. 828, Stevenburgh, PA 92749"
Lisa,Stein,202-357-9048x2539,billy66@example.net,"57396 Bethany Harbor Suite 857, East Bailey, PA 42658"
Samantha,Simmons,495-537-0930,catherine67@example.net,"5889 Henderson Lakes, Lake Christinemouth, CO 03530"
Sara,Brown,(252)328-3037,jordan19@example.org,"762 Joseph Place Suite 877, Hullside, VA 26697"
Laura,Ward,(758)418-9425x969,shannon44@example.net,"808 Steven Burg Apt. 928, Floresfort, CO 54329"
Shannon,Martin,830-574-1511,gabriel91@example.net,"1176 Tyler Mountain, Clarkfort, ID 97429"
John,Gonzalez,001-290-386-4049x02944,wanda68@example.net,"69891 Elizabeth Road, Hudsontown, NV 14991"
Desiree,Hernandez,484.517.0783,xmoreno@example.net,"020 Patrick Inlet, South Melissa, AK 99581"
Mark,Wilson,800-797-9906,melissa91@example.net,"2535 Andrew Lake Apt. 768, Lucaston, OK 46516"
Amber,Lawrence,(735)559-7502,julian12@example.org,"USCGC Hoffman, FPO AP 48092"
Joseph,Nelson,875-362-2572,tatekimberly@example.net,"426 Catherine Lock, New Randy, UT 67506"
Melissa,Guerra,258-626-6117x5046,jthomas@example.com,"829 Salinas Brooks, Port Zachary, MP 33157"
Kenneth,Miller,(728)788-1979x910,jessica95@example.org,"554 David Ramp, Parkertown, DE 85359"
Daniel,Franklin,678.378.1574x64347,gonzaleznicholas@example.com,"4491 Cox Lodge Apt. 814, New Robert, OK 99489"
Melody,Skinner,651-290-2013x3832,heathercalderon@example.net,"666 Sandra Freeway Suite 837, North Camerontown, NJ 93761"
Christopher,Patterson,(288)546-0516,kathleen09@example.net,"PSC 5157, Box 3903, APO AE 35143"
David,Beltran,(257)445-6781x744,anna45@example.net,"45164 Cheryl Extensions Suite 765, Martinezshire, AR 52613"
Jose,Cortez,001-602-719-0695,lisa16@example.org,"1200 Jimmy Drive, East Toddberg, AS 91637"
Sherry,Franklin,+1-766-662-6522x1930,rstanton@example.com,"291 Peterson Stream, Alisonport, CT 68288"
Lisa,Johnson,001-201-876-6073x1275,bianca93@example.net,"078 Erin Forest Apt. 790, Stephentown, VT 25982"
Marissa,Evans,001-535-435-5019x52624,kmurphy@example.com,"529 Horn Views Apt. 559, South Barbara, OR 07696"
Victoria,Beltran,(851)945-8264,maxwell17@example.org,"86515 Manuel Locks Suite 782, Kellyfort, VI 81259"
Geoffrey,Wheeler,488-268-0042x3621,monique94@example.com,"59556 Thompson Cape, Roberthaven, PR 15945"
Jenna,Bowman,9727008727,fernandezjoseph@example.net,"50840 Carr Fords Apt. 346, South Joshuastad, MP 98932"
Karen,Gardner,+1-755-921-2819x61726,bsingh@example.org,"7560 Renee Lodge Apt. 408, Port Crystal, MH 89335"
Jennifer,Reynolds,9427808592,gsmith@example.org,"965 Chang Bridge Apt. 090, Lloydborough, AR 96788"
Jose,Boone,(457)835-1276x22253,utorres@example.net,"41943 Lane Branch, Sheaborough, GA 53783"
Jessica,Walker,001-696-369-9033,christina28@example.net,"USNV Johnson, FPO AE 69303"
Vanessa,Pacheco,001-988-261-1487x774,paulhill@example.com,"0599 Jared Row Suite 804, Robertshire, ND 96374"
Theresa,Powell,+1-346-578-0692x2640,mark87@example.org,"929 Alexander Field, East Luishaven, MN 96190"
Joseph,Patel,903-468-3289x330,joanna74@example.com,"821 James Summit, Laurenfort, PW 17198"
Jose,Sanchez,001-438-896-3588x74349,zachary84@example.org,"69738 Booth Fork, Traceyfurt, CA 26570"
Daisy,Taylor,296-966-6724x4419,caldwellwalter@example.com,"9098 Stephen Path Suite 380, New Victoria, CA 20462"
Mariah,Pruitt,(896)872-6418x27086,tiffany69@example.org,"85582 Caldwell Stravenue, Martinstad, CA 22887"
Brittney,Walker,249-707-0394x96752,layers@example.net,"128 Garcia Dale Suite 497, Port Henry, ME 27714"
Angela,Stanley,(654)727-4197x525,stephaniehale@example.net,"08566 Charles Crossing, Port Megantown, AZ 49499"
Alicia,Madden,(980)448-6025,hwilson@example.org,"37143 Cantrell Coves Suite 808, South Jamie, VI 67422"
Jimmy,Pena,001-500-828-1128x8788,derek40@example.org,"033 Maria Inlet, Port Jennifer, VI 85523"
Jeffrey,Gordon,(706)815-0544x31754,tonijones@example.com,"311 Phillip Square Apt. 968, Lake Pamelachester, FL 34186"
Gary,Galloway,001-640-422-0657x714,omoyer@example.com,"793 Elizabeth Parks Suite 779, North Richardshire, AZ 73990"
Stephen,Anderson,817-987-8743x2259,anna71@example.net,"478 Irwin Haven Apt. 465, South Megan, OR 70710"
Scott,Castro,917-373-8406,aescobar@example.net,"904 Sanders Forges, Jessicafort, AK 55259"
Joshua,Juarez,415-719-8677,jacqueline02@example.com,"Unit 8470 Box 8349, DPO AE 20829"
Heidi,Russell,001-375-672-0780,clifford99@example.com,"49408 Scott Dale, Port Jacquelinemouth, AK 77567"
Michael,Tanner,001-602-255-1928x0216,rogerskathleen@example.com,"6027 Ellis Lodge, Hallfort, UT 63931"
Matthew,Gates,708.979.6872,erice@example.org,"5720 Anne Stravenue, Port Jacob, NE 96421"
William,Ramirez,469-224-5970x853,matthewshannah@example.com,"359 Rogers Loop, East Christopherport, IA 10147"
Jeffrey,Humphrey,7715484410,lowelaura@example.net,"1515 Samuel Key Apt. 168, Lorraineport, NM 52224"
April,Mitchell,345-274-4765,david05@example.org,"1273 Garcia Estate, Johnsonshire, CO 30977"
Amanda,Cobb,001-224-936-9167x671,haroldyoung@example.org,"1899 Scott Ramp Suite 570, Robertsville, VI 72868"
Daniel,Garner,817-486-8191x443,bridgestracey@example.net,"3926 Wilkerson Row Apt. 451, Laurenton, ID 80252"
David,Erickson,(742)474-4582x6545,qmoore@example.org,"39808 Frey Springs, Victorside, IA 89370"
Anne,Charles,960-421-7328x8274,chayes@example.net,"0311 William Overpass, South Brittneymouth, DE 48714"
James,Miller,(553)917-5851x9769,chungdenise@example.org,"510 Murray Pass, Marshmouth, TN 07011"
Jennifer,Fox,418-304-1201x0516,mauricehurst@example.net,"0119 Taylor Expressway, Port Barbara, SD 24804"
Melissa,Hopkins,+1-645-552-1165x060,bryantgary@example.com,"19376 Dunn Spring, South Davidshire, GA 44992"
Robert,Harris,(548)533-5212,edgar72@example.net,"USCGC Mendoza, FPO AE 90944"
Erika,Navarro,(235)919-3256x923,kevin74@example.org,"95728 Debra Crest, West Stephanieton, CA 46998"
Aaron,Tucker,(206)729-3793x0984,davidgarcia@example.com,"9127 Andrew Garden Apt. 727, Sanchezshire, VI 49714"
Kevin,Harris,589.794.2450x3430,megan45@example.com,"16582 Jonathan Turnpike, South Elizabethville, GA 97594"
Erica,Fritz,5254579875,pjones@example.net,"4479 Harris Landing, Millermouth, IL 48664"
Julie,Lester,269.479.1771x3246,fletchererica@example.com,"3011 Julie Creek Suite 654, Stevenshaven, UT 79900"
Anthony,Baker,+1-338-621-7325x62227,parkerpatrick@example.org,"USNS Armstrong, FPO AP 77409"
Shawn,Gardner,8194456825,lwilson@example.net,"975 Welch Crescent Suite 758, South Ashley, PA 76577"
Andrew,Black,001-680-804-6979x6657,lindsayshelton@example.net,"092 Thomas Parks Apt. 133, Port Bradley, MA 16764"
Patrick,Mercado,001-229-922-8484x792,bradleyhoffman@example.net,"044 Adrian Roads, East Olivialand, TX 45642"
Pamela,Floyd,694.692.9556x6352,karenwatson@example.com,"207 Hanson Springs, East Sarahborough, WY 66937"
Stacey,Cooke,465-360-6209x66343,allisonbenson@example.net,"97167 Patel Motorway, Jeffreyville, FM 64800"
Lindsay,Williams,+1-697-428-9271,jessephillips@example.org,"14852 Jeffrey Valleys, Thomashaven, MA 77926"
James,Phillips,459.524.6995x101,ramosterry@example.org,"7882 Kathleen Tunnel Apt. 821, West Veronicafurt, RI 03966"
Jennifer,Snyder,771-405-7770,cassandra51@example.com,"6080 Cindy Parkway, Gravesborough, SD 67457"
