,id,first_name,last_name,phone_number,email
0,3465,Angela,Smith,650-593-9201x53878,banksrebecca@example.com
1,3566,Jeremiah,Daniel,292-596-5854x2785,williamwhite@example.net
2,3163,Charles,Jackson,922.795.3569,harperalexandra@example.com
3,1841,Allison,Williams,471-525-1836x81567,christina14@example.org
4,974,Tyler,Meyer,(618)971-0769x120,maryedwards@example.net
5,3220,William,Carter,7307234073,tgonzalez@example.com
6,2027,Allison,Davis,(362)839-1183x7479,wilsonsusan@example.com
7,810,John,James,001-865-993-1591,clayandrea@example.org
8,3499,Kristy,Ford,001-700-397-4946x86236,jeanne99@example.org
9,455,Jennifer,Jackson,8232325179,robert34@example.com
10,2498,David,Middleton,938-789-7226,christopher89@example.org
11,47,Kenneth,Perry,001-906-756-8346x493,waltertaylor@example.net
12,2691,John,Meyer,001-720-525-8222x02654,ysimmons@example.org
13,2532,Deborah,Vega,287.954.9952x10552,kimberlywilson@example.net
14,337,Tara,Brown,6224394410,cranemegan@example.net
15,2044,Paige,Cook,968-466-3738x41003,yatesmonica@example.com
16,3552,Holly,Braun,(550)750-4785,williamsblake@example.com
17,2065,Margaret,Oneal,+1-583-646-4089x186,acollins@example.org
18,3075,James,Williams,280-676-3592,garciakathleen@example.com
19,44,Christina,Daniels,4489770217,hsanchez@example.com
20,169,Beth,Reid,2587327277,jonathan71@example.com
21,1322,Patricia,Moreno,645.637.4162,mario63@example.com
22,2558,Debra,Price,+1-693-719-5553x3799,simmonspaul@example.net
23,769,Abigail,Houston,945.228.8539,ruthgraves@example.net
24,952,Stephen,Kim,(754)275-9565,castanedabenjamin@example.org
25,1868,Collin,Rojas,446-591-4773x2674,qrogers@example.net
26,3376,Julia,Lopez,2365850077,henrymichael@example.com
27,2536,Aaron,Baker,770-422-8648,smithevelyn@example.org
28,805,Makayla,Hill,8964377357,mbuchanan@example.org
29,1334,James,Tyler,(359)772-0367x91242,brandi38@example.org
30,1615,Katelyn,Green,+1-251-919-6104x588,ginashort@example.com
31,481,James,Smith,001-862-400-3697x6010,richard38@example.net
32,1526,Kyle,Myers,375-261-6567,harold33@example.org
33,950,Amanda,Young,993-336-0054,dennis46@example.org
34,779,Joel,Dudley,(857)290-4532,deborah27@example.net
35,1428,Patrick,Summers,457.897.2830x7881,kylebarrett@example.org
36,2894,Lawrence,Burke,5178476619,jamie35@example.com
37,3907,Brandon,Marshall,(278)245-5866,stephanie71@example.net
38,897,Riley,Greene,(987)688-7740,vphillips@example.net
39,2622,Tiffany,Jones,773-309-7159x5570,carsonanne@example.org
40,2760,William,Williams,(946)683-7106x091,steve09@example.net
41,14,William,Ryan,(825)509-5809,ncollier@example.net
42,1495,Justin,Frank,+1-643-805-8557x407,jessicaparker@example.org
43,3393,Bryan,Patton,559-863-6147x921,wchase@example.com
44,2869,Trevor,Stewart,+1-350-383-9141,marc52@example.com
45,655,Jessica,Benson,828-457-7151x62366,stephencamacho@example.net
46,1280,Donna,Hampton,+1-358-655-9872x9219,sara58@example.com
47,2808,Cynthia,Hoffman,(376)879-6727x50782,danny45@example.net
48,2431,Debra,Garcia,879.960.9622x41251,williamsnatalie@example.org
49,2586,Roger,Hogan,(203)390-5467,thomasapril@example.org
50,3340,James,Middleton,(790)413-5646x738,hudsonwilliam@example.org
51,2979,John,Martin,643-360-6324,chris47@example.net
52,3402,Luis,Kim,971-335-3612,jmccann@example.net
53,2891,Tyler,Huff,609.202.5588,kevin71@example.net
54,3564,Brittany,Rose,001-784-945-3498,qchaney@example.org
55,247,Karen,Kim,915.989.9383x801,gabrielgray@example.com
56,2725,Lori,Thompson,875.563.2997x172,christiananthony@example.org
57,3858,Gina,Morgan,918.873.0724x193,michealblanchard@example.org
58,3239,Hunter,Dodson,949.337.4258x29366,james28@example.net
59,850,Carl,Moore,461.959.9085x8444,tuckerjoseph@example.org
60,2566,Krystal,Jenkins,541.530.4516,hendersontyler@example.net
61,3859,Susan,Cross,394-670-4919,stricklandangel@example.net
62,2904,James,Cummings,(252)345-9919x9788,jose45@example.com
63,2921,Helen,Washington,591-286-7038,ucohen@example.com
64,2108,Sara,Henry,001-297-756-4301x2802,justinoconnell@example.com
65,1388,David,Mendoza,(748)730-2957x2611,amanda80@example.com
66,852,Courtney,James,(995)894-5781x28632,charles45@example.net
67,53,Joshua,Smith,512-652-5972x781,stephaniemurray@example.org
68,2124,Leslie,Graves,001-440-413-2602x933,ufarmer@example.org
69,264,Eric,Delgado,+1-431-534-5870x78276,tfarmer@example.com
70,289,Jeffrey,Wright,+1-711-378-6947,sdorsey@example.org
71,1979,Seth,Gill,+1-738-835-7949x284,jose59@example.com
72,841,Nicholas,Torres,487.292.4613,grogers@example.org
73,989,Adam,Hansen,521.603.3530x187,shelby62@example.org
74,3288,Dana,Duran,997-281-5605,robertadams@example.net
75,526,James,Keller,221-795-1925,matthew44@example.net
76,3484,Chad,Douglas,+1-513-899-3597x74546,iscott@example.net
77,1454,Tammy,Tyler,(682)835-0895,camerongarcia@example.org
78,1419,Matthew,Bennett,394-359-3256x63630,danny77@example.com
79,2231,Billy,Freeman,001-338-914-1704x5529,jessica13@example.org
80,1281,Judy,Miller,380.375.3012,kblack@example.org
81,3157,James,Conner,001-484-442-0554x53991,michael38@example.com
82,1975,John,Lee,001-982-573-7158,laurawoodard@example.com
83,3855,Stephanie,Jones,369.276.0266x978,nielsenstephanie@example.net
84,2864,William,Preston,9903894928,trevor15@example.org
85,3031,Brianna,Ochoa,001-885-974-9476x690,emayo@example.com
86,2255,Linda,Richard,+1-849-253-6224,nicholas24@example.com
87,2101,Eric,Fuentes,+1-339-261-0914x760,olopez@example.com
88,2905,Christopher,Hendrix,897.626.0700x18004,matthewtaylor@example.com
89,3297,Adam,Warner,393-660-6092x5560,jennifergarza@example.net
90,173,Kristina,Wood,966-663-3631x1280,kvazquez@example.net
91,115,Lori,Lane,6324846445,omar25@example.net
92,2683,James,Mason,603.224.8546x3784,nathan49@example.net
93,1694,Molly,Clark,+1-684-321-7285x548,kyoung@example.org
94,112,Teresa,Walker,001-822-633-8620,jill01@example.org
95,422,Jodi,Hooper,+1-461-895-5855x65492,millerdeanna@example.com
96,2160,Judith,Miller,(923)769-0536x4591,fguerrero@example.org
97,2317,William,Griffin,(754)259-1684,wfoster@example.org
98,1273,Tiffany,Leblanc,615-593-8767x370,buckleychristine@example.com
99,1072,David,Herrera,001-760-212-0823x7103,stephen12@example.org
100,954,Andrew,Hebert,+1-522-449-8052x72007,jamesnewman@example.com
101,168,Alan,Mendoza,+1-519-292-7863x2701,nathan48@example.org
102,2509,Daniel,Chambers,(493)890-6341,keith75@example.com
103,1630,Jody,Valdez,001-793-521-3055x9291,adamhopkins@example.net
104,2557,Zachary,Carter,+1-378-232-6091x8460,suarezeric@example.com
105,2106,John,Anderson,+1-659-418-9310x82099,yvonne14@example.net
106,3696,Christopher,Johnson,+1-994-230-7287x9792,hurstjason@example.org
107,584,Jason,Watkins,(740)673-5752x844,hillchristina@example.org
108,3456,Matthew,Barnes,216.520.4240x660,tara57@example.org
109,2834,Taylor,Scott,001-343-291-3880x558,bryanhill@example.org
110,2038,Anthony,King,9789237080,marissa67@example.com
111,3692,Crystal,Watson,+1-518-517-3450,jamesperez@example.net
112,1266,Matthew,Gonzalez,254.670.5975x2739,ibanks@example.com
113,3461,Carla,Myers,251-455-0215x8699,kimberly14@example.com
114,418,Nichole,Barnes,749-974-5544,stephaniemassey@example.org
115,3082,Diana,Short,+1-286-283-3117x925,aaron33@example.com
116,290,Christina,Gonzalez,7746436211,lucas04@example.com
117,2994,Jeremiah,Ryan,543-847-1944,mahoneyronald@example.org
118,2866,Kelsey,Soto,862-867-9433x086,gbooker@example.net
119,3382,Melissa,Ibarra,(674)502-8166x9657,arivera@example.net
120,364,Michael,Molina,(477)762-4563x75469,jgreen@example.net
121,1658,Matthew,Smith,(412)724-3876,oosborn@example.net
122,1607,Christopher,Johnston,661.986.9869x627,austinwalker@example.net
123,2111,Sarah,Freeman,+1-318-908-1025,rmiller@example.org
124,2296,Eric,Moore,934-920-0782x7439,hannahlong@example.com
125,2418,James,Johnson,285.648.3462,maureenpatel@example.com
126,40,Leslie,Moore,538-376-8364x45450,lopezryan@example.com
127,1818,Sarah,Lee,752.211.4447,ashleysullivan@example.net
128,652,Jerry,Conrad,807.828.0257x99803,ashley06@example.com
129,693,Adam,Hill,447-313-8000,gregoryallen@example.org
130,3604,Samantha,Haley,+1-846-457-6739x4208,kyliehill@example.net
131,1375,Peter,Hayes,574-301-1222,adam32@example.org
132,785,John,Perkins,306.978.0996x5861,smithjamie@example.net
133,1082,Bonnie,Cummings,477.673.8980,mejiasusan@example.net
134,3028,Andrea,Campos,553-212-9942x785,yvetteholder@example.org
135,111,Stephanie,Pennington,+1-357-514-0886x5497,michaelhammond@example.net
136,2003,Amy,Lang,(916)844-4953x648,arroyoanthony@example.net
137,1430,Kristen,Black,958.676.4526x5195,jacobterry@example.org
138,3686,Jacqueline,Klein,(847)482-7697,lmason@example.com
139,635,Sara,Shea,(561)358-2804,millerchristopher@example.net
140,2434,Abigail,Rogers,+1-318-948-7391x35267,fgomez@example.com
141,3310,Alexis,Williams,+1-756-288-9174x0671,vwinters@example.net
142,2248,Mark,Jennings,749.984.4254x575,gonzalestimothy@example.com
143,1890,Seth,Barnett,630.586.3394,thomas31@example.org
144,634,Anna,Durham,649.809.6517x253,brandonramirez@example.org
145,106,Jonathan,Robinson,839.521.4935x9150,taracasey@example.net
146,545,Veronica,Smith,001-541-390-0151,kathleenwhite@example.com
147,1559,Kenneth,Perez,(797)590-1778x7154,alexandria17@example.org
148,232,Samuel,Wright,001-432-277-0308,christensenkatherine@example.org
149,3024,Joseph,Blake,001-222-879-2225x3293,clarkanthony@example.net
150,3370,Curtis,Brewer,+1-391-474-2793x09010,bradleymcdonald@example.org
151,165,John,Nash,858.513.1991,martinjohn@example.org
152,2887,Christina,Wilson,764-604-7736,vjohnson@example.net
153,3285,Rachel,Jackson,(520)776-8351x626,lozanotammy@example.net
154,3521,Kimberly,Allen,+1-520-657-5859x518,xmorris@example.net
155,750,Steven,Vargas,(856)940-4215x96971,janetdavis@example.com
156,3152,Cheryl,Mason,409-964-3320,cody41@example.net
157,1908,Andrew,Hamilton,679-256-1926x796,jennifer76@example.net
158,930,Cody,Owens,+1-632-653-1565x277,jerryadams@example.org
159,1459,Cynthia,Randolph,356.396.2727x2894,marquezsherri@example.com
160,3624,William,Rocha,001-916-644-9305x667,rodriguezchristopher@example.org
161,948,David,Navarro,+1-792-394-2665,thomasyork@example.org
162,1381,Jessica,Evans,812-688-3184x6641,christophermeyer@example.org
163,507,Michael,Lewis,983-756-2043x634,seanmoody@example.com
164,614,Anthony,Rios,808-710-0718,tylerwhitney@example.net
165,2480,Yolanda,Lawrence,843.993.9221,audrey18@example.org
166,1120,Anthony,Juarez,(245)556-5912,kedwards@example.org
167,3432,Aaron,Levy,+1-292-282-7951x8606,phillipsgarrett@example.org
168,3606,Victor,Jackson,252-541-0361x529,carpenterrichard@example.org
169,1189,Anthony,Gallagher,519.527.5575x002,robinrodriguez@example.com
170,2908,Jason,Brewer,305-666-9834,utyler@example.com
171,1346,Sydney,Garrison,+1-840-456-2590,fpierce@example.org
172,3725,Cathy,Davis,(359)257-8767,everettmargaret@example.com
173,3167,Tyler,Gates,967.462.2375,andrewmclaughlin@example.net
174,2170,Michael,Kane,(387)484-9730x272,jody21@example.net
175,2511,Susan,Bentley,+1-542-291-6203x08644,hernandezjennifer@example.com
176,2462,Ronald,Roberts,457-966-2707x5161,wellsdavid@example.org
177,1722,Tommy,Smith,550.213.4125,alexander72@example.org
178,3337,Robert,Davis,+1-367-825-0680,christopherprice@example.org
179,1105,Richard,Phillips,484-236-6689,williamsnicholas@example.org
180,2806,Gina,Marshall,(749)354-8031x2201,xgomez@example.com
181,2654,Alexander,Fletcher,643.985.3429,erica45@example.com
182,939,Victoria,White,978-600-8843,iparker@example.org
183,1056,Maria,Nash,485-343-5416x49814,qmckee@example.org
184,768,Emily,Walker,001-862-738-9841x284,jaredduran@example.org
185,2481,Tina,Anderson,589-372-8765x872,sadams@example.com
186,470,Robert,Wilkerson,(385)745-5075,ldavis@example.org
187,3266,Ronald,Rodriguez,680-816-5335x24727,fieldskristin@example.com
188,1140,Carl,James,+1-513-211-6691x0908,mark48@example.org
189,3030,Jeffrey,Rodriguez,656-511-3472x137,xhoffman@example.com
190,1620,David,Woods,001-603-216-4398,mariahwilliams@example.com
191,2436,Tammy,Gardner,001-720-423-7104,teresa29@example.org
192,203,Oscar,Gardner,8638988803,diazdennis@example.com
193,1164,Mary,Singleton,331.590.8187,paulnancy@example.org
194,443,Timothy,Moore,+1-457-831-4796x95080,cindybrooks@example.net
195,3721,Michael,Alvarez,+1-244-496-3687,sheltonjames@example.net
196,2487,Nicholas,Wilcox,001-690-717-3308x728,powellchristopher@example.net
197,3525,Theresa,Lambert,490.907.3618,knelson@example.com
198,1331,John,Clark,5414559663,qrandall@example.com
199,549,Kenneth,Owens,6245827101,daniel50@example.net
200,3501,Amanda,Ward,910.471.2323x36137,smithkristina@example.net
201,2658,Karen,Craig,485-664-6901x78269,mitchell39@example.net
202,3922,Erik,Shaw,+1-740-554-0518x9103,wendy55@example.org
203,572,Mary,Mcknight,+1-244-431-2078,hford@example.org
204,1123,Samantha,Cox,001-415-611-4672x1565,johnsontiffany@example.com
205,117,Thomas,Watson,363.706.4877x81265,sotodeborah@example.org
206,663,Alexander,Rodriguez,632-355-2994x66564,chad31@example.com
207,1053,Gabriella,Daniels,(761)754-1498x552,uglass@example.com
208,3004,Walter,Ball,001-744-596-3065x41874,luisboyer@example.net
209,682,Diana,Thompson,311-318-1646,vanessa41@example.org
210,3459,Lisa,Hale,+1-361-450-5626x44800,guzmanshirley@example.org
211,2499,Carly,Wheeler,696-884-4170,bpierce@example.com
212,453,Thomas,Aguilar,235-977-3116x97429,wigginsdawn@example.org
213,3362,Linda,Hernandez,291.284.4468,davissandra@example.com
214,3333,Jon,Mcneil,752.729.6008,oscar76@example.com
215,3457,Brandon,Barnes,001-206-471-7113x20261,bjackson@example.net
216,885,Carlos,Ruiz,(983)960-4066,zgill@example.org
217,3148,Kayla,Reynolds,+1-650-837-1056x80287,shawnhill@example.net
218,410,Judy,Williams,+1-804-230-7540,dmccarty@example.com
219,1729,Joshua,Ellis,001-474-708-5308x579,josephchapman@example.net
220,412,Diane,Jones,894.271.8485x50050,brandi94@example.com
221,2063,Russell,Higgins,001-459-830-7513,hallmegan@example.org
222,3150,Emma,Porter,9175230682,nicholas91@example.org
223,1490,Jeremy,Thompson,001-897-594-0473x389,rhonda54@example.net
224,2703,Veronica,Fox,302-957-2719,russellpaula@example.net
225,902,Terri,Gomez,+1-914-285-3210x22558,wardaaron@example.com
226,2902,Jonathan,Hall,+1-700-362-8358,jamesanderson@example.org
227,2564,Charles,Jenkins,+1-468-949-2297,jonesalyssa@example.net
228,432,Linda,Miller,719.562.3311x8789,vhernandez@example.net
229,1534,Brandon,Davis,(519)250-9206,yquinn@example.org
230,335,Zoe,Jenkins,001-599-334-8473,vbaker@example.com
231,853,Samuel,Payne,391-686-3513x00251,breanna30@example.net
232,1955,Zachary,Henry,001-301-454-4792x144,cpowell@example.org
233,3138,Wayne,Cross,7365649485,perezkimberly@example.com
234,3011,Steven,Wilson,(703)945-5251x65035,jonesjerome@example.net
235,536,Peter,Medina,+1-724-269-6091x230,perezkaren@example.com
236,2099,Raymond,Smith,611-958-2475x6055,millerjoanna@example.net
237,2583,Joseph,Lin,647-936-2982x716,williamsjames@example.org
238,3814,Kevin,Pham,203-308-2637,csnyder@example.net
239,1336,Sara,Johnson,780.510.2726x671,rowebrenda@example.org
240,1781,Norman,Massey,(922)256-4804,andersonanita@example.com
241,3660,Edward,Smith,001-356-263-0584x956,ljames@example.net
242,324,David,Miller,001-950-458-0217x527,ashley14@example.com
243,1813,James,Stevenson,+1-229-690-3893x9415,michaelpalmer@example.net
244,108,Michael,Hunt,794-634-1642x87734,erica02@example.com
245,2937,Robert,Whitney,981-676-5134x77570,christophersolomon@example.org
246,3442,Courtney,Kirk,429-763-6124x6619,antonio31@example.net
247,801,Makayla,Miles,001-912-925-7070x18906,jamesduke@example.net
248,1195,Kevin,Zimmerman,(740)578-8595,tmorales@example.net
249,3254,John,James,+1-472-333-0397x00646,lindafuentes@example.org
250,2253,James,Fields,(699)669-3178,zreynolds@example.org
251,3720,Zachary,Smith,+1-679-703-5952x3899,kerrmichael@example.com
252,3397,Kimberly,Schultz,(919)836-7507x389,qwright@example.com
253,591,Michele,Salas,+1-694-725-8048x05754,tiffanyaustin@example.net
254,1649,Andrea,Webb,001-990-453-0369x637,dgarza@example.net
255,3878,Brandon,Nelson,826.740.9724,teresa87@example.org
256,1894,Janet,Stein,001-357-785-1164,mooretara@example.com
257,1385,Patrick,Murray,552.953.4122,nathanbryant@example.com
258,1095,Miranda,Stone,572-342-9567,gbarrera@example.net
259,2954,Brittney,Gonzalez,(655)650-3086,christianadams@example.com
260,1964,Suzanne,Anderson,001-939-724-9066x13124,jfischer@example.org
261,1604,Melissa,Hall,640-532-1887x0561,collinsdaniel@example.com
262,1480,Bradley,Holmes,(264)738-9538,bakermichael@example.net
263,1138,Lauren,Greene,001-944-601-5782x30655,hunter36@example.org
264,2427,Timothy,Martinez,(701)863-3691x4979,rodriguezjustin@example.com
265,2755,Joseph,Collins,(829)801-8442x40727,john55@example.net
266,1916,Misty,Rogers,210.590.9268x9976,kerry53@example.com
267,523,Robert,Edwards,001-584-495-4750x6445,frank29@example.org
268,657,Tonya,Saunders,282-434-1223x0629,jacksondenise@example.net
269,2953,Curtis,Smith,(645)997-0996x13080,moodybrooke@example.net
270,3792,Karina,Rivera,279.676.3453x0874,ocruz@example.net
271,3671,Timothy,Campbell,681-307-7287,lopezjeffrey@example.net
272,3667,Denise,Lester,+1-350-544-4866x31180,jodymurray@example.net
273,2288,David,Whitaker,+1-770-777-6804x7280,ryanvalenzuela@example.com
274,1870,Hayley,West,001-532-769-3931x95060,harrisrodney@example.com
275,3343,Charles,Ramos,840.808.6332x42245,johnathanwilliams@example.net
276,1098,Mario,Jones,+1-841-476-5750,jacqueline85@example.com
277,1788,Jason,Arnold,290.601.4719x3791,blake75@example.org
278,1980,Angel,Alexander,8894401734,jeremy47@example.net
279,2540,Kathleen,Ali,277-492-8144x788,sdavis@example.org
280,532,Yvonne,Hayes,921.994.8155x070,christopher23@example.org
281,3782,Shawn,Goodman,+1-878-870-7094,karenperez@example.org
282,1640,Susan,Garner,001-632-367-0599x85486,steinjohn@example.net
283,893,Alexis,Velazquez,207-948-0956,qbrooks@example.net
284,1254,Destiny,Vazquez,675.432.8342,becknatalie@example.net
285,1391,Darlene,Cain,+1-645-300-3509x46580,david86@example.com
286,1761,Joel,Lowe,761.781.4884,kendra11@example.net
287,2386,Darlene,Bonilla,001-786-923-8041x9090,timothy11@example.org
288,3492,Theodore,Arnold,611-365-7249x785,icollins@example.net
289,2469,Patrick,Blair,001-267-600-7150x19947,denise05@example.com
290,2523,Stephanie,Robertson,642.929.1608x2119,smithtina@example.com
291,2508,Catherine,Cook,285-940-2388x0946,brandon09@example.com
292,1219,William,Benson,+1-334-743-7527x010,heatherwilson@example.com
293,390,Joe,Rose,823-616-2383x46740,cooperdonna@example.org
294,3973,Brian,Chavez,001-913-779-1581x9142,rebeccabowen@example.net
295,3460,Luke,Perkins,+1-956-406-4241,craigjohnson@example.net
296,1942,Mary,Johnson,5256475087,jonesbrittany@example.com
297,1688,Brandy,Wagner,(273)837-5643,jonescaitlin@example.org
298,2225,Angel,Taylor,870-465-5606x26104,rperez@example.net
299,1552,Christopher,Jordan,333.987.6721,johnhudson@example.net
300,447,William,Carlson,871-411-5625,krausemary@example.com
301,899,Rita,Mcintosh,840.605.7383x228,crivera@example.org
302,494,Clifford,Mcdonald,273-629-5804x4872,carrie66@example.org
303,1915,David,Simon,(390)845-1775,usanchez@example.com
304,840,Julia,Stevens,609.753.7905x880,kelly40@example.com
305,896,Jose,Morrow,(589)556-7338,xburns@example.org
306,3243,Kathleen,Meyer,+1-735-457-7850,katie00@example.org
307,3278,Christopher,Gordon,550.232.5284x72458,robertpace@example.org
308,1279,Edward,Guerrero,680-941-7388x305,bobby26@example.com
309,1145,Lindsey,Hernandez,7563278922,morrowamanda@example.com
310,1997,Ronnie,Patterson,+1-494-833-1614x088,timothyferguson@example.net
311,2701,Erik,Hart,+1-654-658-6030x39221,jaredsolomon@example.org
312,2742,Kimberly,Martin,308-976-3231,kelly46@example.net
313,253,Sharon,White,001-711-388-3684x7095,deleonlaura@example.com
314,891,Melissa,Kelly,777-237-0644x735,katie80@example.org
315,2710,Brent,Sanchez,(509)297-2231,parrishkimberly@example.com
316,1880,Dan,Meyers,913.946.7004x9712,hhoward@example.org
317,3092,Terri,Miller,(451)809-6851,gentryroger@example.net
318,1387,Carlos,Jacobs,+1-721-287-2083x796,jared58@example.net
319,2590,Daniel,Marshall,001-516-457-5117x958,villarrealjonathan@example.com
320,2363,Christopher,Baker,001-497-266-4911,griffinjennifer@example.com
321,3353,Sarah,Beck,693-386-0791,madisonwall@example.net
322,100,Pamela,Goodman,(295)918-9372,chelsea05@example.com
323,1801,Ashley,Gamble,291-215-1638,elizabeth32@example.com
324,1543,Emily,Harris,356.470.5301,jessejones@example.net
325,2380,Ryan,Green,743.693.4987x611,sabrinacook@example.org
326,3068,Jessica,Martin,5425361116,henry96@example.org
327,2304,Adrian,Cooper,753.497.8949,petersonrobert@example.org
328,1656,Heidi,Haynes,(938)479-2072x27766,sherry67@example.com
329,2485,Sabrina,Murray,642.383.8354x1859,graywilliam@example.net
330,1692,William,Davis,(302)792-9804x26269,jocelyn62@example.org
331,3002,Mark,White,822.577.6030,markwaller@example.com
332,1462,Paul,Williams,951.211.9558,ralph52@example.net
333,812,Carla,Medina,+1-919-697-3430x8543,paul95@example.com
334,291,Bonnie,Gomez,+1-606-900-0705x366,boonekaren@example.com
335,3516,Elizabeth,Watson,001-593-273-5017,ianoconnell@example.com
336,3189,Julia,Michael,(577)668-0368x7603,bakertimothy@example.net
337,449,James,Harmon,205.886.1685,kevin97@example.org
338,3035,Jill,Blevins,3396634451,nwilliams@example.org
339,2247,Mary,Crawford,(961)876-7855x5575,hugheshaley@example.net
340,1152,Chloe,Ray,941-585-3842x1816,benjamincunningham@example.org
341,2306,Jake,Turner,414.321.4941x4693,rpierce@example.org
342,1638,Daniel,Andrews,(352)856-6700,dthompson@example.com
343,1432,Daniel,Young,001-635-675-8407x5524,nphelps@example.org
344,2352,Gregory,James,001-917-520-6352,amy61@example.net
345,3502,Brian,Fuller,(360)693-6007,umorgan@example.org
346,2251,Adam,Blankenship,001-983-337-0749,cflores@example.org
347,374,Timothy,Olson,247-827-3161,cgarcia@example.net
348,2208,David,Scott,001-503-812-8993x175,kimberly86@example.com
349,2933,Christy,Brown,761-331-8125x66846,emilymaxwell@example.org
350,1109,Frank,Stevens,419-555-1849,shobbs@example.org
351,3815,Melissa,Moore,421.252.2318,david89@example.org
352,1475,Angela,Carr,+1-948-567-6498x455,sarahwood@example.net
353,1313,Jessica,Olson,(567)854-9092,james62@example.com
354,624,Heather,Taylor,5437193935,ccruz@example.net
355,669,Christine,Mcdonald,001-554-234-7909,christinathompson@example.org
356,258,Darlene,Ramirez,2169371935,desireewilson@example.net
357,2493,Jason,Hall,623.434.3426,qavila@example.org
358,3987,Jessica,Phillips,3779387758,timothy68@example.com
359,3650,Melissa,Rivera,(532)782-6607,pamela53@example.net
360,3324,Jacqueline,Hunter,852.323.7240x62466,morgan68@example.net
361,617,Monica,Watts,+1-391-629-6208x1192,shannonsutton@example.org
362,1055,Sarah,Porter,993.269.2218x2556,douglas57@example.net
363,1929,Lisa,Campos,5817970207,bridgesangela@example.com
364,34,Sara,Lawson,7137583003,kellybrent@example.com
365,2518,Wayne,Wilson,+1-400-625-7281x77829,taylormichael@example.org
366,3670,Daniel,Richards,3823417635,anthonymorse@example.org
367,2556,Laurie,Sullivan,(693)260-8808x56674,charles78@example.com
368,171,Melissa,Floyd,709-926-5920,andrewsbrian@example.net
369,1573,Ernest,Brown,(573)370-9851,meyerjoseph@example.org
370,1099,Jeffrey,Garcia,(591)945-3160x99283,russellballard@example.net
371,1262,Autumn,Chavez,896.325.7746,joshuacallahan@example.net
372,1452,Tammy,Patel,446.377.5780x567,william82@example.org
373,2695,Jose,Singh,335-318-9408x158,elizabethadams@example.net
374,2188,Evan,Marsh,866-497-9980,jared03@example.org
375,3527,Mark,Bennett,525-229-2837x7037,ryan52@example.net
376,189,Scott,Stephens,+1-363-936-1299x805,pryan@example.net
377,3711,Rhonda,Quinn,347.274.5347x98558,patricia45@example.net
378,589,Breanna,Murphy,979.803.7193,ryan71@example.com
379,752,Makayla,Arnold,(874)322-3956x88789,sherry83@example.com
380,2081,Christopher,Gray,673.498.4615x7335,averyrobert@example.com
381,2367,Nicole,Suarez,001-507-781-6863,sabrinajohnson@example.net
382,1469,Amy,Roth,493-337-8019,hhiggins@example.net
383,1961,Steven,Bradley,001-261-641-0722x69057,jordankathryn@example.org
384,3664,Jodi,Compton,001-968-947-4030,reedglenn@example.com
385,2625,Anthony,Lynn,633.848.1479,david97@example.com
386,1629,Corey,Wallace,(833)251-1596x9604,bankscheyenne@example.org
387,183,Jeremy,Wilson,(556)506-3582,xjimenez@example.com
388,2608,Mary,Dennis,(379)790-8685,stefaniecooper@example.net
389,59,Brian,Carter,708-844-6405x350,josephrose@example.org
390,1608,David,Rogers,(643)515-0867,danielleguzman@example.net
391,3611,Gabrielle,Dodson,+1-288-440-8263,kylemejia@example.org
392,1672,Stephanie,Patel,(584)476-0202x194,andrea87@example.net
393,3262,Danielle,Adams,671.279.9321x634,sscott@example.org
394,11,Sylvia,Chapman,001-991-731-6291,zbrooks@example.net
395,2141,Corey,Williams,(745)682-7893,qhernandez@example.org
396,2140,Maxwell,Fisher,001-391-369-3821x2872,webbtheresa@example.com
397,1622,Jennifer,Peterson,272.640.6681x2635,whitneygreen@example.net
398,2322,Stephanie,Austin,406-845-6394,kaylasimmons@example.com
399,3666,John,Townsend,246-891-2592x0050,michaelbishop@example.org
400,2817,Bruce,Mathews,+1-573-871-6855x64428,stephenbarrett@example.net
401,299,James,Guerrero,001-717-375-8021x9038,gibsonjillian@example.net
402,3006,Adrian,Kirk,326-880-5008,matthew90@example.net
403,2655,Mark,Parker,354-812-0211,ksingleton@example.net
404,2692,Kelly,Garcia,361.486.1164x86724,coffeytracy@example.net
405,24,Amber,Hernandez,+1-649-568-7442,benjamin42@example.org
406,1173,Christopher,Tate,2456139416,ohampton@example.net
407,3228,Jonathan,Gutierrez,559.658.8496,sherribrowning@example.org
408,789,John,Luna,+1-927-223-9213x296,pamelaraymond@example.net
409,921,Cody,Gonzalez,399.698.5267,vanessarice@example.com
410,982,Lisa,Jackson,+1-920-529-5614x22870,leahsmith@example.org
411,2957,Christopher,Edwards,6215184244,fulleremma@example.org
412,2962,Cory,Johnston,998-623-9677,vincent73@example.org
413,3965,Kelly,Taylor,001-338-805-6644,kelly10@example.org
414,2303,Daniel,Hood,976-883-6775x03128,xdavis@example.org
415,1556,Shawn,Schroeder,347-566-9339,robinsondominique@example.com
416,1892,Christopher,Miller,3369743285,jennifersmith@example.com
417,618,Dawn,Pratt,(520)808-7679,joseph41@example.com
418,3054,Kristina,Lawson,(795)958-0698x1865,andreacosta@example.net
419,1963,Timothy,Horn,(745)814-6424x69655,vrodriguez@example.net
420,1063,Lisa,Duncan,(555)287-7450,joshuamack@example.net
421,1340,Crystal,Thompson,(316)528-2277x19311,danalucas@example.com
422,3966,Lynn,Estrada,(531)657-8182,griffithjeffrey@example.net
423,1302,Elizabeth,Wise,(219)971-8781,michelle19@example.org
424,3685,Juan,Lewis,553-493-2654x8052,charles17@example.org
425,2491,Jason,Kaufman,+1-271-557-4214,ewall@example.net
426,2503,Jessica,Rowe,2333720822,luisrhodes@example.com
427,1235,Erin,Freeman,536.454.7151,ypayne@example.com
428,691,Craig,Wilkerson,565-738-0341x03424,james99@example.com
429,911,Tammy,Hernandez,410.757.6869x07886,cabreratracy@example.org
430,793,James,Lopez,+1-296-913-9380x9511,grivera@example.com
431,2022,Larry,Johnson,359-218-9258x920,palmerandrea@example.org
432,716,Brenda,Cooper,436.754.7633x549,daviskatherine@example.com
433,476,Karen,Larson,(969)336-1756x3946,ephillips@example.com
434,2319,Beth,Brown,001-286-216-7434x31903,victoriaspears@example.com
435,336,Joseph,Clark,+1-279-389-5383x0304,hdillon@example.org
436,484,Jonathan,Hayes,(644)556-1771x41675,santiagojames@example.net
437,3754,Jamie,Alexander,(834)613-3639x105,shannon05@example.net
438,263,Denise,Robinson,001-979-580-4548x529,sanchezalicia@example.net
439,1538,Elizabeth,Herrera,9947304424,lherring@example.net
440,1695,Jacob,Scott,331.253.1700x874,davisrobert@example.com
441,3867,Barbara,Long,2049854679,ronald90@example.org
442,301,Frederick,Stewart,874-972-0974x2701,ublackwell@example.com
443,909,Reginald,Coleman,964.869.0856,xdougherty@example.net
444,3069,Linda,Moore,375-367-5953,iramsey@example.com
445,2675,Linda,Lopez,001-422-300-9687x247,nicolehernandez@example.org
446,3834,Joshua,Lowe,306.738.8114x332,clarkkatie@example.org
447,644,Steven,Fox,884-749-7595,brookeroy@example.net
448,671,Amanda,Perry,504.367.8304,garciachristopher@example.org
449,1707,Sean,Reynolds,399.902.2206,john19@example.net
450,708,Douglas,Jackson,(241)812-5377,lewisbeth@example.org
451,2157,Kyle,Brown,(968)960-1390x12280,david67@example.net
452,3683,Cassandra,King,001-232-241-7995x18723,sandra13@example.net
453,1139,Andrew,Morrow,001-631-935-1351,mezachristopher@example.com
454,2015,Megan,West,719-746-8734,kennethhopkins@example.org
455,2815,Michael,Olson,920-724-6648x01929,mccoychristopher@example.net
456,1413,Melissa,Weeks,+1-657-787-2210x456,rroberts@example.com
457,1251,Frank,Sullivan,+1-947-262-5784x33023,melissajones@example.net
458,2458,Kenneth,Mitchell,001-929-793-8096x616,nicole26@example.com
459,3967,Travis,Stephens,+1-231-516-3935,millerrenee@example.com
460,1295,Patrick,Nelson,510-779-3449,david90@example.org
461,2688,Kirk,Nash,893.327.6507x310,millerbrittany@example.net
462,1611,Michael,Cameron,001-611-775-5246x31795,antonio85@example.org
463,3067,Courtney,Villa,+1-288-292-4106,kennedychristian@example.net
464,2910,Susan,Franklin,4822185531,smithnicholas@example.net
465,2249,Kristopher,Morgan,647.963.0648,ortizjohn@example.org
466,1655,Timothy,Williamson,924-701-7176x3112,theresamendoza@example.org
467,935,Rachel,Shah,+1-463-882-2136x311,usmith@example.com
468,695,Kevin,Delgado,312.636.8722x148,wolfepatrick@example.com
469,3504,Matthew,Peters,976-305-7089x562,slee@example.net
470,2010,Cameron,Cook,001-721-614-5141,lindsey52@example.org
471,3529,Brandon,Gordon,+1-710-791-0976x86318,kbrown@example.net
472,1184,Jaime,Taylor,(521)490-9551x473,david42@example.net
473,431,Robin,Reilly,615.371.0121,juanallison@example.com
474,2855,David,Monroe,8465441150,alison90@example.net
475,728,Tara,Morales,518-964-5532,christine64@example.net
476,1046,Jacob,Robertson,329-576-2658,fitzgeraldcharles@example.net
477,2211,Richard,Russell,001-434-779-5646,timothybanks@example.com
478,1402,Christopher,Garcia,+1-632-499-0121x7631,kimberlyharris@example.org
479,941,Mitchell,Parker,840-738-5409x17736,jeffreywilkinson@example.com
480,3672,Thomas,Banks,913.317.8586,joanna80@example.net
481,1102,Christina,Goodwin,+1-657-312-5415x54807,jeanfinley@example.com
482,807,William,Gomez,001-922-680-6981x39034,candicemaxwell@example.net
483,1718,Melissa,Smith,650.993.1924,ibarrachristian@example.com
484,808,Paul,Watkins,208-672-6503x767,tamiwarren@example.com
485,2179,Kirk,Jordan,545.686.1206x4753,carrilloaaron@example.net
486,1549,David,Wade,001-754-655-9276x59713,christopher23@example.net
487,3085,Heather,Baker,+1-573-546-2868x81166,pinedatimothy@example.com
488,3573,Carolyn,Mcdaniel,695-470-1922,joseph92@example.com
489,3622,James,Hester,001-847-378-8636x560,robert90@example.net
490,3900,Craig,Morton,+1-322-253-8541,kevinmack@example.org
491,1977,Eric,Harvey,+1-816-472-1826,hshannon@example.net
492,1241,Judy,Ruiz,296.761.4784x813,brenda56@example.com
493,1579,Kathryn,Patterson,305.757.1841,linda86@example.com
494,925,Dan,Cohen,(214)485-0366,awilliams@example.org
495,1025,Lawrence,Malone,+1-655-816-9892x193,tiffany37@example.net
496,969,William,Hunt,+1-285-903-1756x90492,jenniferjoseph@example.net
497,1539,Troy,Hahn,625-856-0259x88828,carolgarcia@example.net
498,1791,Jimmy,Martinez,(551)419-7557x65136,rodney40@example.net
499,197,Ruth,Rich,001-624-655-1986x478,qberger@example.com
500,3835,Teresa,Russell,(849)600-0356x8757,lopezsarah@example.com
501,787,Robert,Skinner,001-867-575-0985x91794,nwalker@example.com
502,2155,Heidi,Hill,001-212-612-1121,devinjohnson@example.net
503,1728,Jay,Hayes,+1-785-827-5911x14960,dianaharrison@example.com
504,355,Anna,Meyer,+1-208-404-8275x41545,coleandres@example.com
505,2397,Ryan,Benson,841-243-7275x166,jefferygarcia@example.org
506,3734,Cory,Thomas,001-572-563-7423,sandersmeghan@example.org
507,2301,Danielle,Cook,6935407457,gilbertalicia@example.net
508,656,Jessica,Chang,(752)603-4524x87319,gibsoncharles@example.net
509,97,Gerald,Williams,+1-877-456-4612x58344,willissteven@example.net
510,316,Heather,Ryan,(343)726-0499x05996,debrastewart@example.org
511,295,Sherry,Hayes,001-215-357-4159,walkertodd@example.org
512,3114,Ruth,Burns,+1-722-702-2901,uoconnor@example.net
513,3127,Timothy,Mora,838.800.5609,mmitchell@example.org
514,3334,Jessica,Haley,+1-595-277-4413x42732,wrighttaylor@example.com
515,915,Stephen,Barry,732-661-0831x86778,jefferysoto@example.com
516,3979,Alexis,Lynch,+1-465-630-3443,pzamora@example.net
517,2605,James,Hanson,263-937-1387,gomezkaren@example.net
518,2263,Susan,Thornton,001-828-918-7353x1535,brian61@example.org
519,352,Heather,Wiggins,251.895.9472,eleach@example.net
520,2592,Katherine,Sawyer,+1-864-416-8716,jacob52@example.org
521,1393,Joshua,Brooks,545.200.9847x7886,zvargas@example.com
522,531,Valerie,Carpenter,+1-941-770-8941x93829,jeffrey07@example.org
523,2708,Donald,Humphrey,684.221.8599,tracy68@example.org
524,710,Cheryl,Reyes,001-306-968-2787x2997,ulee@example.org
525,2166,Phyllis,Washington,448-813-3445,lgomez@example.org
526,2403,Lauren,Johnson,001-265-621-7614x462,tammy57@example.net
527,1628,Crystal,Shaw,001-594-236-1022x5040,leesantiago@example.org
528,1299,Stephen,Ellis,876.776.5642,donna31@example.com
529,3153,Brian,Manning,(905)559-5437,ericolson@example.com
530,1359,Jacob,Zamora,(701)390-0134x915,vduffy@example.com
531,3827,Kendra,Clay,(927)776-0418x630,batesruth@example.org
532,233,Garrett,Obrien,+1-795-688-4689x9591,afischer@example.org
533,2640,Heather,Nguyen,001-432-372-0984x904,floresrhonda@example.org
534,647,Christopher,Morris,945-226-8408x72513,monica25@example.net
535,1031,Emily,Ramirez,(571)706-5256x16965,townsendkatelyn@example.org
536,2733,Cindy,Lewis,422.681.6846,hoganjulie@example.org
537,724,Michael,Ramirez,(625)857-2902x2378,thomas33@example.net
538,3744,Julie,Bridges,001-332-579-8545x5056,dedwards@example.org
539,3454,Brian,Nixon,207.269.1944,erikabeasley@example.org
540,2829,William,Price,001-517-619-0579x012,smithnicholas@example.net
541,1264,Thomas,Washington,960-863-4655,susanjackson@example.com
542,2614,Jack,Byrd,(541)401-8559x8799,jasminenewman@example.org
543,2634,Tammy,Ford,+1-840-923-6856x30049,taylorstephen@example.org
544,2978,Kristen,Williams,+1-280-619-7198,robertrobertson@example.com
545,556,Monica,Owen,(984)869-1091,vspencer@example.net
546,3543,Paula,Oliver,001-645-554-7062x74705,christopher35@example.com
547,3579,Donna,Nelson,423-759-9271x026,imendoza@example.net
548,1073,Kathryn,White,(833)689-3027x4002,castrobrittney@example.org
549,1012,April,Peterson,001-947-759-6654x294,alejandra36@example.net
550,2602,Michael,Bird,(362)556-7616,moralesmichele@example.org
551,3274,Jerry,Montoya,+1-417-864-4691x368,eric75@example.com
552,1755,David,Frey,610.708.0260x294,dtaylor@example.net
553,1666,Erin,Graves,001-833-478-6442,martinpaula@example.org
554,1565,Stephen,King,(699)391-8679x28125,janetgreen@example.org
555,1367,Alexis,Jones,573-299-4096x314,edwinwalker@example.org
556,1659,Shirley,Pham,(379)975-0813,michael53@example.net
557,1238,Lisa,Li,(335)940-8691,natasha08@example.org
558,2177,Kathleen,Gonzalez,576-891-2253x91814,kthompson@example.com
559,2735,Brittany,Pope,001-286-428-6376x2363,mreed@example.net
560,1693,Seth,Davis,(527)540-1109,zpena@example.org
561,1864,Wendy,Bennett,654-652-1641x478,dyates@example.org
562,2189,Patricia,Powell,001-580-265-4505x05903,hatfieldkaren@example.org
563,2109,Austin,Taylor,(940)775-2142x1688,tammy42@example.com
564,855,Jeremy,Vega,827.769.8112,andersonmaria@example.org
565,2971,Tracy,Jenkins,960.493.7235,ijackson@example.org
566,370,Gary,Martin,379-226-2480x73306,jesse49@example.org
567,326,Jamie,Odonnell,991.562.8986,sgross@example.org
568,3655,Jonathan,Rivera,9052788828,christinesmith@example.com
569,530,Jennifer,Wilson,874.664.3543,ruizkatherine@example.com
570,2266,Joan,Rose,332-805-4241x9918,moorenatalie@example.net
571,3646,Christine,Wolfe,633.550.9701,brownchris@example.org
572,929,Jasmine,Smith,+1-384-207-9052x9503,wvelasquez@example.org
573,994,Sandra,Ramirez,(945)459-6655x61988,michaelwest@example.com
574,641,James,Hicks,(843)519-0990x573,dennissilva@example.com
575,1115,Kelly,Flores,(966)725-9821,peterslaura@example.com
576,1650,Joshua,Jenkins,9504461000,allen89@example.com
577,1306,Jerry,Whitney,(457)500-5477,jonathankent@example.org
578,3325,Michelle,Banks,260.795.5740x443,michael74@example.net
579,3510,Joshua,Trujillo,656-468-8785,pricethomas@example.org
580,1319,Patrick,Ware,668-210-7923,cynthia84@example.com
581,1398,Brent,Martin,+1-654-851-6790x36335,shelly75@example.com
582,1619,Steve,Butler,720.382.1857,michael62@example.net
583,1178,Robert,Montoya,001-216-664-7845,zimmermanmatthew@example.net
584,2797,Brenda,Carey,225-407-9656,brianestrada@example.net
585,3540,Patrick,Smith,+1-789-443-8859x954,elittle@example.org
586,3440,Joy,Alvarado,+1-367-706-0592x3949,justinpeterson@example.com
587,1701,Sheila,Martinez,204-941-1890,mathismatthew@example.com
588,483,Susan,Morris,623.647.6589x0774,onealbenjamin@example.org
589,3388,Kevin,Holden,(374)418-5686,mooresean@example.com
590,646,James,Baxter,+1-748-824-5912x6108,angelahooper@example.net
591,2058,Joseph,Lamb,+1-941-305-7939x0269,christina86@example.net
592,1939,Anthony,Archer,2378387785,jordanariana@example.com
593,220,Amanda,Jones,374-933-6337,davidsmith@example.org
594,2216,Jessica,Perez,252-824-0097,bgonzalez@example.net
595,2256,Jason,Fisher,640.369.3152x9962,allisonanderson@example.net
596,590,Megan,Ritter,(531)277-1200x6822,welchlinda@example.com
597,623,Christopher,Mckay,001-255-696-6035x96180,cbrown@example.com
598,2338,Laura,Coleman,5158469355,wellsjohn@example.org
599,1169,Don,Davis,361-620-9097x25789,tuckerangela@example.org
600,603,Mary,Pace,214.779.6092x952,owalton@example.net
601,1476,Sara,Silva,454.448.2941,amberallen@example.com
602,506,Veronica,Thornton,493-321-8256x158,rmccarthy@example.com
603,1891,Patricia,Kelley,+1-463-908-7695x780,john82@example.org
604,2837,Jennifer,Cooke,+1-911-828-1575x59527,perezjerry@example.com
605,2364,Jaime,Dawson,339-731-7643x9853,mejiasean@example.com
606,1737,Lee,Daniels,933.413.7568,figueroachristina@example.org
607,2916,Kiara,West,380.408.0567,spierce@example.com
608,1215,Robin,Johnson,547.795.0962x976,ehuffman@example.net
609,1698,Chris,Holloway,(347)500-9294x1431,harrisjamie@example.org
610,2542,Jennifer,Allen,001-376-878-0283x7021,derek66@example.com
611,1275,Clinton,Marquez,+1-625-263-9847x09475,pwiley@example.com
612,2960,Erica,Lee,(943)264-8462x28668,loriferguson@example.com
613,1399,Gregory,Kelley,+1-430-322-0392,michael51@example.net
614,543,Christopher,Lawson,001-209-493-7081x262,wstewart@example.org
615,1212,Kimberly,Reid,7318838846,matthew38@example.net
616,2746,Jack,Stewart,994-596-1342x7682,umartin@example.org
617,1866,Matthew,White,619-391-3906x12411,calvinlewis@example.org
618,1739,Tanner,Carter,+1-417-877-7526x36889,pacelisa@example.net
619,1122,Devon,Zhang,736-698-5966,jeffgibson@example.com
620,806,Lawrence,Chase,+1-927-764-5051x57280,jphillips@example.net
621,149,Laura,Clark,209-346-6810x9854,louisbray@example.org
622,1662,Timothy,Allen,999.695.9356x968,maurice60@example.net
623,1438,Anne,Kelley,+1-206-764-4196x71026,sabrinajordan@example.com
624,2896,Haley,Martinez,585.613.5432x155,carolynyork@example.net
625,1414,Sarah,Smith,958-549-5787,david78@example.org
626,2444,Scott,Sanford,597.376.1840x523,daniel59@example.net
627,1595,Willie,Brown,(377)448-5703,sullivanjeremy@example.net
628,3570,Sara,Beard,6025903384,bethanygarcia@example.com
629,1842,Derek,Turner,474-619-9433x0008,joseph94@example.com
630,39,Justin,Johnson,841.479.4456,changtodd@example.com
631,1710,Sally,Cross,+1-978-924-0262x6372,pamelabeck@example.com
632,2138,Heather,Allison,(355)464-7214x4395,brownalexis@example.net
633,2551,Brandon,Freeman,+1-365-583-0188,debbie58@example.com
634,2906,Jessica,Smith,+1-275-646-5549x468,vegapamela@example.net
635,664,Rebecca,Curry,(733)237-6224x02069,jdaniels@example.com
636,876,Russell,Ramos,647-320-1124x28440,chloejohnson@example.net
637,1084,Ashley,Davis,887-237-3946,kristina74@example.net
638,2235,Brittany,George,670-343-0985x81489,nicole50@example.org
639,2759,Wendy,Williams,+1-876-641-2504,woodschristopher@example.com
640,790,Ruben,Carlson,001-767-664-9160x2046,oromero@example.net
641,3837,Jacqueline,Flynn,782-694-7959x49004,ewalker@example.org
642,811,Mackenzie,Vasquez,+1-637-490-2549x882,whitekatherine@example.com
643,2732,Bryan,Castillo,(853)684-1048x92627,kyle90@example.org
644,2764,Robert,Nguyen,001-784-545-2234,owarren@example.net
645,2700,Andrea,Carter,+1-551-480-4159x960,susannguyen@example.org
646,2942,Jenna,White,304-491-2158x598,adamsanchez@example.net
647,2100,Jenny,Cochran,581-350-9972,willismatthew@example.net
648,2212,Amanda,Davis,367.772.0758x44990,pgonzalez@example.com
649,648,Adam,Archer,275-261-4949,jenny42@example.org
650,3649,Jose,Richardson,+1-327-617-1827x354,joshuawilson@example.net
651,1049,Heidi,Moran,(553)582-3638,hilljasmine@example.com
652,2647,Bradley,Harris,516-603-0768,ryan77@example.net
653,3898,Samantha,Smith,+1-907-934-4594x883,samuel95@example.org
654,1242,Desiree,Smith,706-857-6113x867,christopherwatkins@example.org
655,2232,Kerri,Moore,(634)403-9272x401,chad96@example.org
656,1968,Christopher,Miller,001-393-548-6500,nathandurham@example.net
657,844,Destiny,Burns,354-590-3555x338,justinorr@example.org
658,20,Alex,Lewis,958-756-5299,hamiltonchristopher@example.org
659,1731,Johnny,Cannon,385.384.6405x70642,andrewmiller@example.org
660,2720,Valerie,Lara,(958)229-6649x9023,jbautista@example.com
661,3126,Christina,Molina,640.212.3122,patrick19@example.com
662,3086,Michael,Miller,+1-293-223-0343x6939,gjohnson@example.com
663,1657,Amy,Larson,725.241.6428x713,amber93@example.org
664,273,Kelly,Hurst,5584100239,hannah54@example.net
665,1415,Joseph,Mitchell,001-345-828-9125x86009,carsonlinda@example.com
666,2645,Wendy,Barton,(352)477-4952,clarkcaitlyn@example.com
667,3528,Michael,Hatfield,+1-275-786-8379x3157,larryfaulkner@example.com
668,965,Daniel,Jennings,978-352-8373x7838,wberger@example.org
669,1086,Lisa,Allen,850-819-6397x0846,stephen16@example.org
670,3625,Stephanie,Smith,781-907-4577,yrussell@example.com
671,2784,Becky,Sims,(957)832-8511x4763,donaldrichard@example.net
672,1037,Elizabeth,Garcia,802.734.0103x30555,rrubio@example.com
673,3104,Anthony,Chase,(499)418-7282x894,vernon17@example.com
674,1815,Nancy,Gibson,+1-777-313-9870x0812,lrobinson@example.net
675,3186,Brent,Morgan,001-733-860-4956x737,davisamanda@example.net
676,783,Jason,Carpenter,001-844-822-4572,jamie85@example.com
677,2838,Duane,Hines,609.592.4447,owensbrandon@example.org
678,1287,Grant,Mendoza,412.515.2436x0291,heatherferguson@example.org
679,1263,Kathleen,Wagner,631-831-4533,hallcynthia@example.com
680,3445,Brandon,Williams,+1-933-361-8782x915,bowendanielle@example.org
681,3487,Kayla,Barnett,835-268-4019x6505,tinaramsey@example.net
682,1564,Kevin,Bowen,001-322-489-1102x3298,matthew80@example.com
683,832,Francisco,Fitzpatrick,596-443-5210,slyons@example.net
684,3424,Andre,Burke,363-912-8969x58123,taylorpatrick@example.com
685,3901,Scott,Clayton,(617)376-6608x42873,mario67@example.net
686,201,Susan,Rodriguez,(623)845-6103x31714,ireyes@example.com
687,565,Jennifer,Abbott,+1-833-730-0195x24992,michaeltucker@example.org
688,927,Mary,Thomas,+1-691-584-8437x8680,pearsonblake@example.org
689,3364,Morgan,Wade,+1-653-535-6270,huangbrandon@example.org
690,518,Cynthia,Snyder,+1-572-765-5412,wstewart@example.net
691,3592,Karen,Hart,(278)717-7412x120,peggycontreras@example.com
692,3387,Laura,Hunter,+1-952-473-3015x60709,douglasjohnson@example.org
693,3010,Jason,Rivera,+1-454-784-9725x385,ypage@example.net
694,1850,Richard,Anderson,609.329.9684x18443,elizabethbrown@example.org
695,2374,Theresa,Ashley,9158952201,cervanteskathleen@example.org
696,3449,David,Martin,(430)806-0425,theresakim@example.org
697,1199,Karen,Martinez,+1-797-457-3141,parrishderek@example.org
698,1753,Eric,Roberts,249.478.7421,lori75@example.com
699,2144,Stephen,Miller,(971)309-8090,daniel84@example.org
700,1453,Keith,Walls,911-301-6981,pstephenson@example.net
701,2913,Melissa,Carter,001-973-200-3870,johnprince@example.com
702,3369,Heather,Brown,813.843.0866x356,tarasloan@example.org
703,33,Christopher,Taylor,(436)940-3733x9190,ureyes@example.com
704,464,Laura,Ramirez,(310)535-1836,vegajeremy@example.org
705,3113,Justin,Chavez,+1-920-346-9149,mosscraig@example.com
706,511,Heather,Leon,001-234-801-9287x6755,melissa17@example.net
707,3984,Deborah,Chambers,+1-457-413-9841,imartin@example.org
708,3115,Ryan,Wilkerson,539-629-3715x0703,kelly27@example.net
709,3081,Edward,Bennett,9455136776,vstewart@example.org
710,3951,Diane,Rodriguez,689-294-2174x34217,millssally@example.org
711,1047,Nicholas,Mitchell,843-902-3799,laura91@example.com
712,3192,Amanda,Vega,525.903.5797x293,annerichards@example.com
713,3531,Nicholas,Woods,551.217.1591x88994,dawnbarnes@example.com
714,2501,Donna,Ford,345-995-3331,vsmith@example.net
715,1289,Stephanie,Obrien,329-287-9892x070,kiddnathan@example.net
716,2875,Cindy,Reeves,2553304583,wpierce@example.net
717,1572,Gabriel,Moran,+1-212-592-3687x060,cordovadonna@example.net
718,2534,Stephen,Browning,+1-640-287-1492x237,deankimberly@example.org
719,1296,Meredith,Leonard,296.622.6419x963,sheri38@example.org
720,489,Sarah,Cook,674.229.2032x95961,wilcoxjason@example.net
721,2512,Christina,Fitzpatrick,001-497-450-7184x233,hansonmary@example.com
722,376,Nicole,Melton,276.860.5903x04105,joseph84@example.net
723,1575,Samuel,Davila,304-590-6211,danielsconnor@example.net
724,503,Angela,Boyer,237-791-3751,shirley46@example.net
725,1473,Stacey,Green,001-611-327-6821x70203,hilljose@example.com
726,3408,Benjamin,Miller,(441)852-0810,aaron77@example.com
727,858,David,Moore,+1-480-937-6320x8724,alishaanderson@example.org
728,992,Renee,Welch,001-611-880-1489,karen38@example.org
729,3222,Steven,Vargas,8394194655,armstrongdavid@example.org
730,3467,Denise,Silva,001-414-934-8936x22899,ydavis@example.net
731,3001,Glenda,Wilkins,+1-993-787-4797x99236,ghill@example.net
732,3365,Jennifer,Brown,382.499.2021,christinavaldez@example.org
733,3377,Andrew,Johnson,324-247-8385x896,michaelhobbs@example.org
734,211,Julie,Edwards,001-998-860-4735x1042,jasoncollier@example.com
735,2656,Kendra,Newton,+1-498-729-3437,shieldsjermaine@example.com
736,3110,Joshua,Sherman,+1-725-491-2201x0618,taylororr@example.com
737,2517,Tiffany,Frank,289-541-1739x974,heather40@example.org
738,3187,Tiffany,Snyder,+1-876-716-2197,brenda46@example.org
739,1651,John,Rowe,001-925-840-9361x84072,darmstrong@example.org
740,1029,Dennis,Rios,649-794-0105x942,jerrywebb@example.com
741,2025,Victoria,Romero,432.649.5493,jacksonjennifer@example.org
742,353,Anthony,Fisher,8355509160,jennifer69@example.org
743,3046,Jose,Hampton,248-944-5779x88284,sandersrichard@example.net
744,636,Elizabeth,Li,229.269.2298x2391,jholt@example.com
745,3040,Lori,Richardson,721-351-2906x150,tracy41@example.com
746,1292,Erin,Nunez,3172640018,angelarosario@example.com
747,3494,Loretta,Strickland,818.301.3356x32958,morgandouglas@example.com
748,2438,Earl,Howard,001-260-430-5160x187,hutchinsondarlene@example.net
749,800,Ryan,Flores,+1-795-571-9084,blankenshiprebecca@example.com
750,2573,Madison,Williams,(697)232-3988,guzmanashley@example.com
751,951,Monica,Li,+1-383-851-4787x46264,samuelkelly@example.org
752,796,Brittney,Walsh,651-512-9378x5041,tmiller@example.org
753,872,Lori,Owens,(788)211-9904,zreese@example.com
754,259,Sarah,Myers,688-519-0837x879,courtneywall@example.org
755,2230,Audrey,Kelly,403.912.1135,johnsanchez@example.com
756,3769,Jill,Munoz,(491)343-6678x709,maddenlisa@example.com
757,3033,Craig,Martinez,3419696611,lisafarrell@example.com
758,1165,Bradley,Hubbard,285-779-9040x4137,smithlaura@example.org
759,3188,Nicholas,Smith,382-811-2315,brucevasquez@example.org
760,3286,Mary,Nelson,774.267.6502x8922,clarkmisty@example.net
761,3565,Jesse,Neal,675-229-4508x4028,timothymitchell@example.com
762,1111,Amy,Deleon,001-619-800-5169x60331,loretta04@example.com
763,3005,Tyler,Macdonald,+1-492-539-1049,ayalapeggy@example.org
764,2474,Vanessa,James,(325)371-4594x6289,jade21@example.net
765,2311,Julie,Duncan,800.747.8835x922,mccanngary@example.org
766,242,Timothy,Goodman,001-945-481-7802,joelgray@example.org
767,1018,Brian,Cox,(913)959-4453x58945,blairmichelle@example.com
768,1846,James,Parsons,(741)370-0695x4031,travis22@example.com
769,1857,Gregory,Nguyen,+1-308-775-9150,millerjesse@example.org
770,1646,Jonathan,Ruiz,9032357247,pdyer@example.com
771,3726,Devin,Johnson,(337)844-4205x2437,blairamber@example.net
772,3830,Kayla,Clark,001-224-273-2098,uaguirre@example.net
773,283,Gene,Russo,+1-589-547-7465x297,jacobsonalexander@example.org
774,3936,Brenda,Williams,702.441.5046,lisa08@example.net
775,561,Michele,Garcia,+1-647-908-8269,brooke02@example.net
776,821,Randy,Knight,676-585-5070x15133,ojohnson@example.net
777,2585,Mark,Greer,395.608.7265x6307,jonesjanet@example.net
778,3172,Nicholas,Mcclure,(523)745-8673x933,emilyharris@example.net
779,866,Jessica,Robertson,2954914743,lisa37@example.org
780,1635,Erik,Powell,001-205-436-5526x44975,cscott@example.org
781,3247,Brandi,Price,912-566-5289x197,evanscrystal@example.org
782,1498,Leonard,Price,001-311-956-5007,michael23@example.org
783,1020,Michelle,Lee,280.959.9320,yangmargaret@example.net
784,3356,William,Smith,691.533.3715x3728,terri55@example.com
785,2522,Kenneth,Smith,212-422-7997x146,zkim@example.com
786,622,Stacy,Crawford,705-409-7593x78645,lewiscarrie@example.org
787,1218,Kayla,Glover,646.695.6721x2955,sanfordlance@example.org
788,56,Shannon,Schneider,612-461-6146x0061,joseph81@example.org
789,1148,Roger,Caldwell,(877)762-3442x053,brandon04@example.com
790,3585,Jill,Ward,383.833.4998x91793,robersonjoseph@example.com
791,3986,Thomas,Guerrero,(469)986-8536x250,loretta44@example.net
792,2778,Cindy,Wall,001-956-571-6970x921,shannon30@example.net
793,2205,Brian,Gonzalez,+1-812-920-3867,shannonbooth@example.org
794,3427,Audrey,Henderson,(729)492-2370,nelsonjessica@example.com
795,1525,Wayne,Lutz,(948)571-1162x050,wellsrachel@example.com
796,2097,Carmen,Hamilton,001-476-494-2792x410,taylorcollin@example.net
797,3763,Shelby,Tyler,203.357.3639,jessica98@example.net
798,938,Karen,Reed,3413345407,wcervantes@example.com
799,3190,Jason,Wilson,+1-633-810-1976x28927,davidbullock@example.com
800,3048,Brett,Gilbert,+1-460-948-9368x3924,cherylfoster@example.net
801,463,Andrew,Jenkins,915.963.5039x88662,scamacho@example.org
802,1350,Kenneth,Benson,001-922-399-1777x9425,rachel49@example.net
803,3578,Amy,Harrington,001-647-223-8899x74609,emartinez@example.com
804,2898,Travis,Liu,001-982-452-7639x28083,elopez@example.org
805,3032,Andrea,Molina,557.409.0252x5953,christopherwalker@example.net
806,1943,James,Garcia,564-465-4606,jamie41@example.org
807,2,Cindy,Martin,+1-806-849-5067,bonnierobinson@example.com
808,601,David,French,667.295.2185,tiffanytaylor@example.net
809,3071,Nancy,Lee,857-591-4644x22836,christopher80@example.net
810,2172,Erica,Osborne,+1-471-501-8729x321,kathyhill@example.com
811,21,James,Weeks,(863)722-3099x92621,ryan28@example.net
812,2570,Ashley,Hodge,001-892-756-3815x250,melissawallace@example.org
813,758,Crystal,Wilkerson,860.448.8776x8780,portergregory@example.net
814,2577,Nicole,Zhang,+1-456-834-3430,pmoore@example.net
815,3594,Jill,Rojas,001-791-987-7219x5699,oanderson@example.org
816,877,Michael,Blair,(439)433-4285x212,rubiopamela@example.net
817,462,Larry,Oconnor,001-527-954-0511x5409,jenniferwilcox@example.net
818,592,Jacqueline,Scott,866.903.1160,michelle60@example.org
819,3253,Jacqueline,Morris,710-509-9908x23390,victoriamaldonado@example.org
820,425,Robert,Beard,+1-372-479-1199x89629,john13@example.com
821,3431,Amanda,Jones,437.265.0624,davidsonmichelle@example.com
822,2219,Frederick,Strong,+1-374-437-2055,wattsemily@example.com
823,3462,Dana,Foley,001-272-767-9018x3927,ipierce@example.org
824,2280,Richard,Vargas,642-724-0136,ubradley@example.com
825,3398,Eric,Coleman,(506)597-3077,courtney14@example.com
826,1395,Nicholas,Clay,420.802.4491x70164,jamessmith@example.net
827,3714,Dalton,Harris,779.248.6183,owillis@example.net
828,698,Robert,Warren,204-406-0204x157,toddnorris@example.org
829,3164,Jonathan,Howard,933.658.5837,carolyn61@example.com
830,217,Nicole,Smith,001-267-903-4456x4349,marie20@example.net
831,670,Steven,Bennett,748-477-9615x6491,matthewsamy@example.org
832,3944,Joseph,Hayes,001-997-428-8167x48103,yvonne64@example.com
833,79,Danny,Ford,814.710.6608x910,ywhite@example.com
834,435,Johnny,Roth,245.426.0378,medinagary@example.net
835,2313,Darrell,Walters,228.471.2142,patriciagibson@example.net
836,3097,Wesley,Cox,4803277472,kristinmoses@example.com
837,568,Tammy,Martin,978.520.5328x1724,brenda62@example.com
838,3036,Megan,Smith,472-396-8311x33833,eduardowarner@example.org
839,1426,Frank,Gillespie,001-865-869-2631,melissagreer@example.org
840,621,Tammy,Ramirez,568.341.0907x27402,rjames@example.net
841,1470,Rebecca,Mitchell,(973)758-7004,douglashill@example.net
842,1764,Daniel,Rice,313.814.3762x86948,ariana62@example.com
843,826,Mitchell,Young,579.688.0938x007,jamesgill@example.com
844,743,Sara,Fletcher,411-590-5167,christophermcintosh@example.org
845,1283,William,Barton,211.367.1518,jsmith@example.org
846,1509,Benjamin,Walker,605-958-0041x9215,tamara28@example.com
847,720,Laura,Riley,(735)282-1558x962,thomasrussell@example.net
848,3203,Ashlee,Aguirre,985.800.4944x097,montgomerytara@example.net
849,3053,Nathaniel,Nelson,001-732-561-0533x3470,uphillips@example.com
850,2966,Heather,Ramos,207.772.3387,walkerbetty@example.net
851,3836,Jillian,Martin,401-427-9368x369,andrewkim@example.com
852,417,George,Johnson,256-657-5330,robert79@example.net
853,1682,Curtis,Parker,902.832.8986x122,glennwood@example.net
854,1566,Joyce,Heath,410.585.7661,stephanie76@example.com
855,2758,Roy,Lawson,577-807-9611x652,kimberlyvaughan@example.org
856,3434,Caitlin,Stewart,001-407-841-0128x1878,fletcherjeremy@example.net
857,0,Judith,Mitchell,605-879-5432,kaiserdonald@example.com
858,5,Jonathan,Martin,426-594-7694,halemonica@example.org
859,54,William,Knight,(553)397-3530x8253,stevensonstacey@example.org
860,57,Sandy,Hardy,+1-311-696-2966x7316,xevans@example.com
861,69,Amy,Maxwell,001-280-686-2874,brittany43@example.org
862,72,Kenneth,Williams,712-462-5796x7580,joseph09@example.org
863,80,Phillip,Campbell,001-842-657-8855,oconnellbarbara@example.com
864,98,Kristina,Morris,839-801-9808,patriciaenglish@example.net
865,107,Xavier,Potts,680-459-1730,kcook@example.org
866,134,Kristen,Benson,6022715872,rodriguezrussell@example.org
867,139,Diane,Howard,810.221.5689x5977,yshannon@example.net
868,146,Jessica,Roy,001-702-750-8215x07560,markgilbert@example.com
869,147,Jasmine,Gutierrez,001-535-522-9927x60956,lcole@example.com
870,176,Michael,Baker,843.520.7352x9645,maria52@example.org
871,188,Barbara,Reynolds,(430)638-5787x714,ylarson@example.com
872,201,Susan,Rodriguez,(623)845-6103x31714,ireyes@example.com
873,209,Steven,Church,8196818447,martinezpamela@example.org
874,215,Amanda,Weaver,910-234-0063x4183,amandarivera@example.com
875,223,Karen,Rodriguez,(434)378-7016x5294,william89@example.net
876,234,Timothy,Clark,736-306-1512,avega@example.com
877,255,Adam,Mcgrath,(884)692-3667x5900,shannonnielsen@example.com
878,266,Tiffany,Hutchinson,6935405343,rebeccarodriguez@example.com
879,274,Amanda,Williams,(537)216-2031x092,johnwright@example.org
880,286,Adam,Dyer,(736)446-7438x8623,jamesmcclure@example.com
881,318,Yolanda,Whitehead,305-643-4075x674,ihubbard@example.org
882,321,Charles,Anthony,(292)417-6460x51758,pearsonanthony@example.com
883,329,Shelly,Gibbs,001-747-323-5220x541,ljohnson@example.com
884,339,Michelle,Moran,423-638-0380x776,walkerlisa@example.org
885,345,Candace,Williams,001-952-831-1895,amber44@example.org
886,348,Douglas,Brown,001-666-995-5084,brian69@example.com
887,377,Bryan,Black,638.665.9181,markjames@example.org
888,388,Heather,Patrick,488-680-0556,anthonyhughes@example.net
889,395,Megan,Edwards,458-876-4748x5771,cmurphy@example.com
890,401,Tanya,Jones,298.987.3432x9852,matthewblevins@example.net
891,420,Charles,Foster,+1-847-920-0879x98269,robinsonjoshua@example.org
892,432,Linda,Miller,719.562.3311x8789,vhernandez@example.net
893,439,Sharon,Gonzalez,360.291.9971,xphillips@example.net
894,458,Jennifer,Sims,837-617-0186x582,barnettmike@example.com
895,465,Dustin,Rodriguez,+1-307-731-4767x5938,christopher31@example.net
896,479,Amanda,Martinez,395.829.6968x503,kendrajackson@example.org
897,482,Daniel,Morgan,986-426-7907x68074,julia35@example.com
898,484,Jonathan,Hayes,(644)556-1771x41675,santiagojames@example.net
899,497,Donna,Mcclure,(572)704-7242x7985,jamesscott@example.net
900,506,Veronica,Thornton,493-321-8256x158,rmccarthy@example.com
901,529,Jennifer,Gibbs,+1-449-620-7846x03109,lewiskristen@example.com
902,533,Allison,Moses,(232)721-0152x9732,harmontony@example.org
903,547,Anthony,Friedman,930-295-2891,jacobsimmons@example.net
904,548,Cynthia,Alvarado,(646)344-8636x1339,pbell@example.com
905,554,Sandra,Armstrong,001-689-599-6700x7345,frederick37@example.net
906,578,Luis,Oconnor,+1-390-532-0489x1352,thomaslynch@example.net
907,600,Andrew,Garcia,539.749.2556x89777,smallelizabeth@example.com
908,617,Monica,Watts,+1-391-629-6208x1192,shannonsutton@example.org
909,626,Raymond,George,349.580.7052,adam45@example.org
910,637,Stephanie,Baker,286.629.3199,davidsonmelissa@example.net
911,638,Robert,Edwards,982-878-0627,hartdonna@example.net
912,649,Jason,May,416.400.6233x5493,pdavis@example.com
913,660,James,Moore,931.597.3485,jfletcher@example.net
914,661,Karen,Fox,+1-202-587-7739,zcruz@example.com
915,665,Samantha,Doyle,+1-397-773-8511,marilyn02@example.com
916,667,Daniel,Walsh,665.595.6757x27870,brettjackson@example.com
917,671,Amanda,Perry,504.367.8304,garciachristopher@example.org
918,688,Helen,Cole,484-830-0675x1601,parksdeborah@example.net
919,704,Angela,Smith,743.617.8707,tammy49@example.org
920,709,Patricia,Phillips,917.499.4462x76332,ryansummers@example.org
921,725,Jacqueline,White,(370)973-5227x483,april98@example.org
922,752,Makayla,Arnold,(874)322-3956x88789,sherry83@example.com
923,754,Bradley,Brady,001-408-973-3107,angela63@example.org
924,756,Stephanie,Wilkinson,(606)915-7340x00688,longmarcia@example.org
925,765,Rodney,Young,433-310-3726x525,ebrown@example.com
926,771,Angela,Vargas,6336908672,angela76@example.net
927,802,Susan,Conley,001-863-425-3805x141,scottjones@example.org
928,809,Donna,Romero,(947)952-0911x454,garrisonjessica@example.net
929,813,Veronica,Erickson,451-429-2850x23522,desireetaylor@example.org
930,815,Lisa,Smith,9809362509,ericthompson@example.net
931,825,Gary,Newton,(549)974-1478x23554,scottford@example.com
932,839,Katie,Macdonald,+1-543-284-5153x98404,lbutler@example.net
933,881,Eric,Williams,(676)295-8194x75582,nhanson@example.com
934,898,James,Rodriguez,+1-403-756-9483x584,bnunez@example.net
935,902,Terri,Gomez,+1-914-285-3210x22558,wardaaron@example.com
936,921,Cody,Gonzalez,399.698.5267,vanessarice@example.com
937,931,Christina,Woods,712-358-2529x6752,kimberlymills@example.org
938,946,Jim,Haas,229.490.4678x740,qmurphy@example.net
939,951,Monica,Li,+1-383-851-4787x46264,samuelkelly@example.org
940,1001,Larry,Durham,387.230.4935x3292,imckay@example.net
941,1006,Dean,Tran,8956548696,hulltonya@example.org
942,1031,Emily,Ramirez,(571)706-5256x16965,townsendkatelyn@example.org
943,1035,Kimberly,Wilson,460.697.1311,jonesjavier@example.org
944,1044,James,Romero,3346046155,heidicarter@example.net
945,1069,Karen,Reynolds,(353)671-7782x7325,denise47@example.com
946,1083,Brittany,Williams,484-855-9545x37433,crystalestes@example.net
947,1101,Ryan,Smith,(855)357-5598,michael62@example.org
948,1110,Chase,Reid,+1-688-307-2785x9330,qwashington@example.net
949,1116,Beverly,Holden,+1-329-347-7838,ijones@example.net
950,1136,Michael,Johnston,+1-249-353-1672x6608,christine66@example.org
951,1137,Laura,Howell,001-433-261-6268x11379,justin75@example.net
952,1152,Chloe,Ray,941-585-3842x1816,benjamincunningham@example.org
953,1156,Kristina,Lyons,(897)970-4176x67049,timothyallen@example.com
954,1173,Christopher,Tate,2456139416,ohampton@example.net
955,1185,Robin,Page,001-904-913-1201x46718,kevin76@example.com
956,1221,Sheryl,Montgomery,213.551.5964,connorcallahan@example.org
957,1239,Gary,Lee,+1-256-404-6658x0046,tami05@example.com
958,1262,Autumn,Chavez,896.325.7746,joshuacallahan@example.net
959,1272,Olivia,Riggs,(720)607-2406,fordjennifer@example.com
960,1277,Stacy,Santiago,+1-763-659-0076x04428,andersonstephen@example.org
961,1290,Amanda,Graves,(276)867-1265,foleystephanie@example.net
962,1293,Matthew,Jackson,001-236-486-3867x2504,ffigueroa@example.org
963,1310,Monica,Todd,938-454-1268x51039,patrick54@example.com
964,1313,Jessica,Olson,(567)854-9092,james62@example.com
965,1355,Amber,Martinez,(253)566-5201,lisa75@example.org
966,1373,Johnny,Brown,+1-576-415-8903x746,michael21@example.net
967,1377,Lisa,Pierce,+1-877-999-3316x678,william14@example.org
968,1383,Edgar,Davenport,838-578-4337x467,amyhaynes@example.net
969,1387,Carlos,Jacobs,+1-721-287-2083x796,jared58@example.net
970,1388,David,Mendoza,(748)730-2957x2611,amanda80@example.com
971,1407,Jerome,Martin,5656350971,ayerssonia@example.net
972,1420,Thomas,Gomez,001-274-973-0492,chamberstracy@example.com
973,1433,Lisa,Prince,994-797-7488x134,jennifer25@example.com
974,1440,Heather,Bentley,495-388-2729,sarah94@example.com
975,1446,Brian,Williams,433-563-5911x316,elizabethbishop@example.net
976,1471,Kevin,West,563.738.7165x410,michaelkrause@example.org
977,1483,Jennifer,Perez,+1-901-713-5195x16749,cooperautumn@example.net
978,1487,Shelly,Ferguson,233.379.8075x65637,bakertanya@example.net
979,1496,Amy,Smith,5712121425,jrodriguez@example.org
980,1505,Allison,Johnson,571-518-0759,jaime39@example.com
981,1512,Ray,Jones,921-409-1059x223,qbrown@example.org
982,1515,Antonio,Jenkins,3706815930,christinecontreras@example.net
983,1517,Mark,Ramirez,269.991.1537x54607,suzannesimmons@example.com
984,1520,Caleb,Hill,+1-667-258-5338x79949,henry18@example.org
985,1524,Travis,Gilmore,733.880.7476x2036,stewartrachel@example.com
986,1557,Christy,Adams,641-426-5027,twhitaker@example.org
987,1572,Gabriel,Moran,+1-212-592-3687x060,cordovadonna@example.net
988,1591,Daniel,Macias,571.562.0854,janice18@example.org
989,1599,Lori,Ramos,917-974-3322x6694,mario77@example.org
990,1602,Katrina,Butler,701-567-9818x2877,kimberly46@example.net
991,1630,Jody,Valdez,001-793-521-3055x9291,adamhopkins@example.net
992,1631,David,Harris,715.837.0802,qsheppard@example.org
993,1662,Timothy,Allen,999.695.9356x968,maurice60@example.net
994,1664,Wanda,Ayala,887-344-9157x5324,tmahoney@example.net
995,1677,Jonathan,Koch,001-290-343-8950x5576,jmiller@example.org
996,1685,Barbara,Beasley,332-798-4868x0374,arthurhaynes@example.com
997,1694,Molly,Clark,+1-684-321-7285x548,kyoung@example.org
998,1715,Wendy,Berry,+1-440-916-2634x634,paulfreeman@example.org
999,1742,Crystal,Barnett,(741)689-9819x529,stephen14@example.net
1000,1754,Dawn,Woodard,535.530.8571x574,deborahsalazar@example.org
1001,1756,Daniel,Adams,+1-459-492-1618x740,james33@example.org
1002,1758,Leslie,Terry,001-512-316-3931x6925,donaldcooper@example.net
1003,1784,Mikayla,Garza,(593)438-4412,vdixon@example.net
1004,1798,Douglas,Logan,(820)528-7304x05807,marksantiago@example.com
1005,1808,Hannah,Johnson,+1-851-621-0560x960,rachelstokes@example.org
1006,1810,Andrea,Doyle,335-738-8206x8891,davidblackwell@example.com
1007,1819,John,Brown,365.640.0000x8322,gonzalesvictoria@example.net
1008,1824,Alexander,Torres,(703)606-3699,carlos73@example.org
1009,1859,Jason,Dickson,959.633.6753x190,christopherlara@example.org
1010,1863,Sandra,Harris,001-537-561-4504x0276,galvanronald@example.com
1011,1865,Ernest,Cruz,001-939-465-9538x8774,lsandoval@example.org
1012,1873,Michael,Curtis,566-474-5974x118,austinsmith@example.net
1013,1875,Angela,Garner,696.871.5119x2915,copelandandrew@example.com
1014,1877,John,Mcintosh,518.491.0122x216,echavez@example.net
1015,1881,Austin,Soto,524-226-5131x949,helen83@example.net
1016,1882,Matthew,Robinson,537.284.7264,toni68@example.org
1017,1905,Jennifer,Chaney,001-274-582-2696x6888,bridgesalan@example.com
1018,1914,Eric,Murray,367-987-2390x227,samanthahernandez@example.net
1019,1917,Laura,Lee,596.503.0787,aaronwilson@example.com
1020,1951,Kaitlin,Richardson,6264354589,bowmanbryan@example.net
1021,1958,Steven,Price,501.866.3359,lwiggins@example.org
1022,1969,Emily,Le,8098886657,cheyenne61@example.org
1023,1972,George,Lowery,597-643-9404x0490,wilkinsonbrady@example.net
1024,1976,Kelly,Wright,001-629-907-0532x4884,mbenitez@example.com
1025,1986,Gary,Baldwin,232-713-4502x752,sowens@example.org
1026,1992,William,Jones,001-858-668-1463x233,burgessmark@example.net
1027,1999,Jason,Morton,(499)652-9305,walkerkimberly@example.net
1028,2004,Megan,Nichols,526-609-7747,kelli29@example.com
1029,2006,Kimberly,Christensen,(288)687-4729x25744,christinecompton@example.org
1030,2007,Kevin,Arroyo,001-991-713-8909x340,michaelwilliams@example.com
1031,2043,John,Wade,559-870-8717x51999,clayjorge@example.org
1032,2046,Anthony,Welch,(253)886-1085,ssmith@example.com
1033,2050,Benjamin,Sullivan,001-903-663-2346x4854,michelleschwartz@example.org
1034,2055,Mikayla,Keller,(731)875-7784,pgrant@example.com
1035,2060,Amy,Oconnor,+1-671-926-1813x293,kevin14@example.org
1036,2062,Donna,Chaney,825-394-9804x4322,sherri23@example.net
1037,2105,Whitney,Torres,8492112148,troy69@example.com
1038,2107,Jonathan,Ford,343-230-4361x486,johnsonpatricia@example.com
1039,2109,Austin,Taylor,(940)775-2142x1688,tammy42@example.com
1040,2120,Brenda,Johnson,830.663.0401x149,gstanley@example.net
1041,2147,Jeanette,Fisher,222.662.0994,fmurphy@example.org
1042,2149,Marc,Parrish,001-828-823-4198x2564,heather34@example.com
1043,2161,Brad,Mccarthy,(423)337-2063,vincentwilliams@example.net
1044,2162,Kenneth,Taylor,695.498.0418,heathtyler@example.com
1045,2174,Joann,Mckee,332-528-6198x579,caitlingreen@example.org
1046,2175,Karen,Hernandez,690-778-6455x455,scottduke@example.org
1047,2190,Roger,Foster,7672992684,yhudson@example.com
1048,2208,David,Scott,001-503-812-8993x175,kimberly86@example.com
1049,2214,Alicia,Woods,571-306-7386,grantjudy@example.com
1050,2217,James,Gibbs,370.856.4133,meghansantana@example.net
1051,2223,Shannon,Martinez,+1-825-487-1285x00854,paula33@example.net
1052,2228,Kevin,Wright,5482228763,kenneth01@example.com
1053,2239,Lori,Charles,001-792-629-8917,ncastillo@example.net
1054,2246,Morgan,Munoz,381-223-7467,hendersonmatthew@example.org
1055,2284,Kimberly,Dalton,3378577179,leesteven@example.org
1056,2287,Julie,Sullivan,001-955-290-1758x682,rvaughn@example.com
1057,2344,Jennifer,Mann,400.862.1309x8740,stephenbruce@example.com
1058,2351,Joshua,Hunter,897-312-8053x43312,cartermichelle@example.org
1059,2354,Kristopher,Villegas,+1-224-232-6502x10445,christopherhodge@example.com
1060,2372,Stephen,Barrett,001-992-764-3043x49835,brandon42@example.net
1061,2375,Michelle,Simpson,884-564-1591,fortiz@example.net
1062,2413,Jesus,Short,921.308.0569x98889,ecabrera@example.net
1063,2418,James,Johnson,285.648.3462,maureenpatel@example.com
1064,2432,Lisa,Barton,845.925.1631,eayala@example.net
1065,2449,Stacey,Stanley,6322872995,sabrina23@example.org
1066,2463,Melissa,Williams,566.588.8368x2105,mary90@example.org
1067,2473,Elizabeth,Mora,001-286-932-1454x238,scottmeza@example.com
1068,2478,Danielle,Hill,001-865-767-1684x596,deborahmiles@example.net
1069,2483,Joy,Carpenter,001-664-874-9306x06406,hpage@example.com
1070,2495,Edward,Hill,001-562-708-6921x586,kevinbrown@example.com
1071,2520,Lauren,Oconnell,001-952-938-0530x8354,robinmyers@example.com
1072,2560,Annette,Miller,+1-745-251-7394x7444,againes@example.com
1073,2563,Maurice,Snyder,+1-216-716-8024x5635,jennifercortez@example.com
1074,2581,Amanda,Fitzgerald,219-607-1450x951,hooddenise@example.org
1075,2593,Hector,Wilson,262.996.2238x89061,vgray@example.com
1076,2606,Michael,Nguyen,+1-294-698-6788x2183,elizabethtaylor@example.net
1077,2631,Anna,Jordan,478.582.6830x262,royjohnson@example.org
1078,2648,Chad,Green,(757)272-2463,jorgepalmer@example.net
1079,2657,Christopher,Mcguire,754.315.8176,victorkelley@example.net
1080,2660,Melissa,Hudson,369-300-9569x8490,jacobgreen@example.net
1081,2669,Amy,Huber,3636686213,mccoyryan@example.net
1082,2670,Amy,Hogan,001-866-556-0615,chavezcaitlin@example.org
1083,2673,Kathryn,Mueller,(968)665-6494,lindseyclark@example.org
1084,2675,Linda,Lopez,001-422-300-9687x247,nicolehernandez@example.org
1085,2684,Anita,Fox,461-996-9479x781,justin47@example.com
1086,2689,George,Klein,549-451-9543,lisajohnson@example.net
1087,2691,John,Meyer,001-720-525-8222x02654,ysimmons@example.org
1088,2702,Rick,Bennett,(700)261-1160,stanleywoods@example.net
1089,2709,Angela,Shelton,+1-524-371-3497,bishopbridget@example.com
1090,2715,Nicholas,Smith,+1-279-303-2146x33998,gregorywade@example.com
1091,2721,Dustin,Bailey,516-947-5781,haley71@example.org
1092,2731,Kristen,Robertson,450-254-4718x16528,darrell38@example.org
1093,2743,Amy,Stokes,858-446-8447,david24@example.com
1094,2756,David,Holmes,432.956.1374x90571,willierodriguez@example.org
1095,2804,Frederick,Vega,921.807.1538x43218,qmaddox@example.net
1096,2811,Brittany,Gonzales,(726)425-2316,gregorycody@example.com
1097,2821,Donna,Anthony,001-985-718-9069x3609,margaret29@example.com
1098,2822,Jeffrey,Phillips,(902)268-5718x780,crosschristopher@example.org
1099,2831,Antonio,Morrow,001-587-520-5031x4590,audrey04@example.org
1100,2880,Sabrina,Thompson,(540)961-8602,jacqueline84@example.org
1101,2881,Sarah,Meadows,693-791-0778x927,luis80@example.com
1102,2915,Joshua,Bush,715-365-7752x84639,ejensen@example.net
1103,2918,Rebecca,Griffin,001-616-370-2368,andrew77@example.com
1104,2940,Crystal,Becker,(919)853-0511,xbarnes@example.net
1105,2959,Jessica,Miller,9485486168,kgross@example.com
1106,2968,Jamie,Nguyen,001-668-276-9164,johncastillo@example.com
1107,2977,Patricia,Miller,820-866-9275,richardsonchristopher@example.net
1108,2987,Eric,Beck,953.428.9411x9037,brianwright@example.net
1109,2990,Todd,Duke,549-314-7687,karina83@example.org
1110,2996,Amber,Reynolds,(991)204-3223x000,howardshane@example.com
1111,2998,Nicholas,Trujillo,381-453-9681,lsnyder@example.com
1112,3000,Brenda,Heath,(625)470-1151x172,jamesmartin@example.com
1113,3019,John,Hill,712.991.0738x257,tmoore@example.org
1114,3039,Carlos,Livingston,+1-241-651-0206x301,laurenspencer@example.org
1115,3044,Keith,Simpson,670.913.0013x10969,hsmith@example.com
1116,3084,Timothy,Wells,001-273-799-3952x78460,rparrish@example.net
1117,3087,Tyler,Alvarado,+1-831-415-5781x16473,ryanrivera@example.net
1118,3101,Christina,Lee,669-770-6818,patricia48@example.com
1119,3115,Ryan,Wilkerson,539-629-3715x0703,kelly27@example.net
1120,3122,Virginia,Atkinson,(380)504-2034,tonycarr@example.org
1121,3132,Matthew,Saunders,001-581-238-2270x71314,joseph83@example.org
1122,3137,Katherine,Griffith,(788)685-0767,vsherman@example.org
1123,3141,Laura,Sanchez,001-780-828-7219x22719,michael95@example.org
1124,3147,Vanessa,Brown,572-766-0507x989,grahamsandra@example.net
1125,3155,Matthew,Anderson,2474945834,thess@example.net
1126,3158,Christy,Bell,+1-692-688-7705x2155,brittany02@example.com
1127,3185,Carolyn,Smith,+1-855-487-5783x306,zjames@example.org
1128,3205,Shelia,Chen,219-982-9935x7241,jpineda@example.com
1129,3241,Donna,Powers,675-542-6090x40168,rskinner@example.org
1130,3255,Nicole,Valdez,(992)856-9024,gmanning@example.net
1131,3285,Rachel,Jackson,(520)776-8351x626,lozanotammy@example.net
1132,3296,Denise,James,496.597.5613x2276,kimberlyvilla@example.org
1133,3303,Eddie,Warren,(250)886-7511x582,browntodd@example.net
1134,3319,David,Bailey,+1-739-370-0188x528,joshua54@example.com
1135,3323,Thomas,Hill,+1-589-927-7130x78656,justin31@example.net
1136,3342,Brandon,Smith,+1-632-751-5172,twhite@example.com
1137,3352,Joshua,Jimenez,001-219-611-9511x9480,nguyenjoy@example.org
1138,3359,Spencer,Cabrera,001-402-697-9398,sarah26@example.com
1139,3371,Paul,Richardson,(683)671-6269x235,ashleysamuel@example.com
1140,3373,Lynn,Mooney,543-654-0319x045,kramerkathleen@example.org
1141,3398,Eric,Coleman,(506)597-3077,courtney14@example.com
1142,3402,Luis,Kim,971-335-3612,jmccann@example.net
1143,3403,Brian,Jordan,+1-238-205-2686x34822,watsonlevi@example.com
1144,3404,Tamara,Mendoza,001-670-910-3840x109,tjohnson@example.org
1145,3411,Cesar,Moss,612.226.6564x247,smithmicheal@example.org
1146,3418,Kathryn,Taylor,825-861-0582,chamberssabrina@example.net
1147,3420,Mary,Buck,291.967.0298,xroth@example.org
1148,3436,Douglas,Stephens,+1-415-916-5275x4380,fatkins@example.net
1149,3450,Brandi,Walker,(271)920-7029,thompsonderek@example.net
1150,3453,Beth,Owen,258.993.5353,coryharrington@example.com
1151,3469,Joshua,Mcdonald,864-998-9108x978,amanda94@example.org
1152,3497,Diana,Olsen,916-539-1329x78594,laurabailey@example.org
1153,3520,Jennifer,Brewer,+1-755-350-4933x2913,anna15@example.org
1154,3538,Brenda,Coleman,7898546623,heatherhernandez@example.net
1155,3553,Norma,Gomez,205-708-3241x853,vatkinson@example.com
1156,3556,Amy,Singleton,+1-626-971-9461,cheyenne92@example.com
1157,3617,Michael,Rodgers,2322818819,sara37@example.org
1158,3632,Monica,Adams,652.286.4374x894,adamsjennifer@example.com
1159,3637,Jerome,Gardner,001-585-267-4604x073,christensenrachael@example.net
1160,3640,Eric,Ramos,001-490-831-6166x52989,aaron03@example.org
1161,3641,Emily,Miller,(572)873-7410,phillip15@example.org
1162,3644,Kristy,Duncan,(393)400-2916,lmcdonald@example.com
1163,3655,Jonathan,Rivera,9052788828,christinesmith@example.com
1164,3659,Julia,Houston,(344)608-7751,mcmahonluke@example.org
1165,3663,Gregory,Collins,961.261.1183x500,bbarnes@example.com
1166,3703,Eugene,Rogers,263-785-5436,shannonlevy@example.com
1167,3719,Eileen,Calhoun,750.643.3150x85889,boltonjacob@example.com
1168,3730,Jennifer,Nguyen,332.753.5856x641,ruizchristopher@example.org
1169,3803,Christopher,Smith,(708)934-1802,devon40@example.org
1170,3807,Debra,Anderson,261.767.8935,shawn02@example.net
1171,3825,Haley,Evans,9619172428,vbenton@example.org
1172,3829,Sandra,Hill,001-418-307-0439x428,jerome85@example.com
1173,3831,Timothy,Sanders,(747)502-8872x174,anthonycarter@example.com
1174,3847,Christopher,Carter,001-621-935-5163x57535,ucoleman@example.net
1175,3862,Brianna,Carrillo,(663)913-8436x741,rittervalerie@example.com
1176,3868,Justin,Freeman,(964)484-1311x41264,lisawalton@example.com
1177,3885,Deborah,Sanchez,244.871.5972x635,davidwhitaker@example.org
1178,3895,Jake,Rojas,001-761-671-9318,deborahwhite@example.net
1179,3905,Mackenzie,Golden,001-457-371-6537,cjuarez@example.net
1180,3923,Marilyn,Nguyen,+1-719-799-1754x2342,kimsherri@example.net
1181,3932,Marie,Mccarthy,+1-878-306-5979x4711,cwashington@example.org
1182,3954,Shawn,Maynard,570.290.8803x843,amanda14@example.com
1183,3961,Destiny,Horn,(954)661-9252x76051,russellsummers@example.com
1184,3978,Jeffery,Morgan,001-914-911-8081x212,marie05@example.net
1185,3982,Deborah,Leon,+1-280-947-4082x589,bshields@example.net
1186,3988,Lisa,Hutchinson,937-971-4788,linda20@example.com
1187,3990,Shannon,Pearson,+1-706-584-5663x59785,lisa95@example.org
