,first_name,last_name,email,phone_number,source,user_type
11,Tammy,Rose,ojones@example.org,+1-629-260-3887,merchandise_buyers,super_user
19,Craig,May,xgreer@example.com,(417)383-4895x574,merchandise_buyers,super_user
40,Joshua,Miller,tanya89@example.net,735-228-8597,merchandise_buyers,super_user
43,Heather,Robinson,weaverjake@example.net,+1-350-245-4320x64709,merchandise_buyers,super_user
45,Shelby,Malone,wsanders@example.org,001-556-391-2100,merchandise_buyers,super_user
48,Grace,Russo,eric92@example.com,(847)966-1092,merchandise_buyers,super_user
75,Donald,Crawford,alexis20@example.com,+1-678-503-9754,merchandise_buyers,super_user
95,Jasmine,Sawyer,kristinehale@example.net,+1-529-629-6349x86688,merchandise_buyers,super_user
108,James,Maddox,amysanchez@example.org,+1-513-530-9106x258,merchandise_buyers,super_user
114,Amy,Myers,lorirangel@example.net,8997429919,merchandise_buyers,super_user
115,Amber,Hernandez,hollybarton@example.com,869.945.3267,merchandise_buyers,super_user
125,Derrick,Ferguson,kochjustin@example.com,001-428-588-6052x02340,merchandise_buyers,super_user
143,Colton,Russo,williamsalyssa@example.net,608.944.1433,merchandise_buyers,super_user
154,Donna,Holder,jeffrey80@example.com,821.273.9155x70377,merchandise_buyers,super_user
156,Amanda,Smith,matthewphillips@example.com,(284)351-5900x140,merchandise_buyers,super_user
174,Ashley,Mckinney,laura86@example.com,937.585.7970,merchandise_buyers,super_user
190,Joann,Rice,lindsay66@example.org,714-244-7703,merchandise_buyers,super_user
212,Jonathan,Diaz,sheilagolden@example.com,864-553-1876x50978,merchandise_buyers,super_user
219,Kristen,Nelson,timothywarner@example.net,869-811-5424,merchandise_buyers,super_user
220,Seth,Arias,wilsonnicholas@example.net,8232915559,merchandise_buyers,super_user
227,James,May,derrick40@example.net,001-933-847-8298x685,merchandise_buyers,super_user
232,Laurie,Williams,gonzalezseth@example.com,339-584-3039,merchandise_buyers,super_user
235,Jeffery,Diaz,ronald38@example.com,268.914.5716x5443,merchandise_buyers,super_user
248,Madison,Adams,stephaniegonzalez@example.net,+1-417-286-1306x29974,merchandise_buyers,super_user
253,Andrew,Steele,vsheppard@example.org,208-609-7629x82034,merchandise_buyers,super_user
258,Rachel,Williams,gjones@example.org,+1-575-804-6544,merchandise_buyers,super_user
264,Veronica,Watson,lopezlori@example.net,8142627429,merchandise_buyers,super_user
269,Denise,Conner,joseph18@example.com,4588987426,merchandise_buyers,super_user
270,Michael,Jones,ysmith@example.com,494.312.0213,merchandise_buyers,super_user
289,Dominic,Marks,jbecker@example.net,666.804.7961x0023,merchandise_buyers,super_user
290,Shawn,Paul,robertvasquez@example.org,+1-886-480-5109x672,merchandise_buyers,super_user
292,Peter,Mccarthy,moralesamy@example.org,721-840-8449x9947,merchandise_buyers,super_user
293,Brooke,Bailey,pattyharrison@example.net,830.795.5552x560,merchandise_buyers,super_user
307,Hannah,Wiley,gjohnson@example.org,533-694-5913,merchandise_buyers,super_user
311,Tina,White,wucaitlin@example.net,(342)545-9369,merchandise_buyers,super_user
316,Kristina,Nguyen,lisamartinez@example.org,610-854-7230,merchandise_buyers,super_user
320,Timothy,Weber,sean00@example.org,899-656-3216x43647,merchandise_buyers,super_user
332,Adrian,Horn,westchristopher@example.org,227-609-5310x2204,merchandise_buyers,super_user
355,Thomas,Rasmussen,paul78@example.com,926.771.1754x63101,merchandise_buyers,super_user
363,Margaret,Carter,robert83@example.com,+1-291-740-7299x41983,merchandise_buyers,super_user
372,Bryan,Hanson,brownandrea@example.org,+1-615-630-4609x381,merchandise_buyers,super_user
396,George,Phillips,caseykelly@example.org,329-240-4669x1057,merchandise_buyers,super_user
397,Deborah,Johnson,barbarasmith@example.net,001-794-334-7219x94811,merchandise_buyers,super_user
400,Kayla,Donovan,brendashannon@example.org,349.307.2207,merchandise_buyers,super_user
404,Megan,Giles,kristen64@example.org,(656)355-7160,merchandise_buyers,super_user
423,Ann,Nunez,christopher45@example.org,995-283-5547x547,merchandise_buyers,super_user
426,Robert,Espinoza,jperez@example.org,2407583622,merchandise_buyers,super_user
440,Peter,Compton,ashley78@example.org,313-965-3433,merchandise_buyers,super_user
449,Lisa,Santiago,evansmichael@example.org,+1-375-991-8709,merchandise_buyers,super_user
455,John,Williams,adunn@example.com,579-519-7099,merchandise_buyers,super_user
460,Maria,Schmidt,andrewmartin@example.net,(579)443-9061,merchandise_buyers,super_user
467,Michael,Carter,joannawilkinson@example.org,(911)521-2947x662,merchandise_buyers,super_user
472,Nicholas,Stephenson,fhobbs@example.org,830.728.8164,merchandise_buyers,super_user
478,Jacob,Rice,adamsmary@example.org,001-340-821-9799x3240,merchandise_buyers,super_user
481,Heidi,Barnes,david81@example.net,663-846-5514x455,merchandise_buyers,super_user
487,Randall,Fleming,patrickford@example.org,001-557-355-5023x455,merchandise_buyers,super_user
490,Daniel,Williams,emilytaylor@example.org,614.392.7612,merchandise_buyers,super_user
501,Benjamin,Miller,laura64@example.com,964.844.3998,merchandise_buyers,super_user
503,Scott,Sanchez,ronald00@example.net,001-470-718-4561x12813,merchandise_buyers,super_user
518,Jamie,Thomas,wilsonmelissa@example.net,933-838-9375x80894,merchandise_buyers,super_user
570,Susan,Reyes,richmondaaron@example.org,(659)299-5355,merchandise_buyers,super_user
584,Diane,Booth,tiffanyhernandez@example.com,001-408-817-2352x6530,merchandise_buyers,super_user
588,Timothy,Martinez,williamfisher@example.net,821.815.5384,merchandise_buyers,super_user
593,Gina,Powell,maria15@example.net,644.571.5818x7436,merchandise_buyers,super_user
598,Michael,Dillon,qtanner@example.com,9519266276,merchandise_buyers,super_user
600,Darryl,Reed,srodriguez@example.org,934.526.9486x494,merchandise_buyers,super_user
604,John,Burnett,kellyharris@example.net,(366)970-6478x2870,merchandise_buyers,super_user
612,Ashlee,Watts,evanskevin@example.net,787-654-4689x88441,merchandise_buyers,super_user
653,Michelle,Richardson,yshaw@example.org,001-797-597-6450x904,merchandise_buyers,super_user
659,Cody,Parks,jacksonmaria@example.org,772.692.4141x8915,merchandise_buyers,super_user
666,Brent,Brown,bdouglas@example.net,936.797.8662x190,merchandise_buyers,super_user
679,Daniel,Hernandez,julie60@example.com,+1-529-936-5437,merchandise_buyers,super_user
694,Michael,Morrow,jgordon@example.net,001-425-422-2860x004,merchandise_buyers,super_user
702,Kendra,Madden,iburgess@example.com,3498153335,merchandise_buyers,super_user
713,Susan,Sawyer,maryfoley@example.org,(860)894-1499x8772,merchandise_buyers,super_user
716,Michael,Hutchinson,jcortez@example.com,(986)399-2072,merchandise_buyers,super_user
726,Jeffrey,Lewis,shafferdenise@example.org,(766)450-7021x67751,merchandise_buyers,super_user
731,Raymond,Ross,jason13@example.com,828.291.4593,merchandise_buyers,super_user
747,Amanda,Fernandez,dball@example.org,(379)748-9432x355,merchandise_buyers,super_user
752,David,Munoz,perezdana@example.org,+1-699-702-3784x50168,merchandise_buyers,super_user
770,Julie,Burke,tanyachristian@example.net,672.517.7774,merchandise_buyers,super_user
777,Thomas,Davis,morganmisty@example.org,434.959.5855x07112,merchandise_buyers,super_user
806,Nathan,Ho,briannasexton@example.org,920.568.9704,merchandise_buyers,super_user
807,Daniel,Johnson,esmith@example.com,(785)500-4374,merchandise_buyers,super_user
816,Michael,Jones,brandi13@example.com,965-861-5106,merchandise_buyers,super_user
829,Chad,Bryan,lrichmond@example.org,001-348-580-9353,merchandise_buyers,super_user
842,Savannah,Torres,jescobar@example.net,001-916-311-8339x5679,merchandise_buyers,super_user
849,Devon,Parker,bonniehanson@example.com,+1-721-863-8237x77325,merchandise_buyers,super_user
856,Amber,Chambers,russell22@example.net,266-751-3907x689,merchandise_buyers,super_user
867,Katherine,Fernandez,tateangela@example.com,219-269-6808x9614,merchandise_buyers,super_user
886,Alicia,Hayes,gilberthernandez@example.com,382-939-1730x81126,merchandise_buyers,super_user
900,Michael,Marshall,vmatthews@example.org,(243)570-1096x026,merchandise_buyers,super_user
903,Jennifer,Miller,dwilliams@example.net,+1-951-781-9801x82297,merchandise_buyers,super_user
931,Amy,Myers,alvarezsarah@example.com,(894)686-2087x34731,merchandise_buyers,super_user
964,Linda,Harris,pclark@example.org,513-422-0171x6121,merchandise_buyers,super_user
979,Shelby,Phelps,vincentalejandro@example.net,(958)996-6256,merchandise_buyers,super_user
983,Bianca,Farrell,nsharp@example.net,(736)464-6106x566,merchandise_buyers,super_user
994,Wesley,Skinner,nancyreynolds@example.org,(862)421-8037x18764,merchandise_buyers,super_user
996,Andrew,Powell,sharpglenn@example.org,(343)567-9479x145,merchandise_buyers,super_user
1001,Christian,Ward,steincurtis@example.com,001-835-643-4782,merchandise_buyers,super_user
1007,Rebecca,Perry,sara18@example.net,001-544-422-4849,merchandise_buyers,super_user
1017,Mercedes,Williams,david81@example.net,763.227.4088x29102,merchandise_buyers,super_user
1024,Andrew,Smith,boothjeremy@example.org,563.587.9370,merchandise_buyers,super_user
1034,Jessica,Watts,thompsonlatoya@example.org,554.573.7722x831,merchandise_buyers,super_user
1053,Austin,Chavez,robin79@example.com,(439)597-0468x96244,merchandise_buyers,super_user
1071,Jessica,Hudson,williamsronald@example.org,891-266-8806x228,merchandise_buyers,super_user
1075,Diana,Hayes,phillipsjamie@example.org,601-461-8603x96119,merchandise_buyers,super_user
1079,Cynthia,Watkins,christina46@example.org,001-420-870-5556,merchandise_buyers,super_user
1102,Richard,Thomas,kyle76@example.com,+1-474-809-0388x605,merchandise_buyers,super_user
1113,Lucas,Shaffer,nicholasfrazier@example.com,248-490-3997x796,merchandise_buyers,super_user
1117,Kevin,Lewis,savagesean@example.com,(487)970-1534x9286,merchandise_buyers,super_user
1124,Paul,Jackson,penningtondylan@example.net,883-362-3133x85735,merchandise_buyers,super_user
1130,Anita,Norman,zrivera@example.com,001-977-799-8172x692,merchandise_buyers,super_user
1140,Megan,Cunningham,paulkim@example.com,001-526-541-6971x591,merchandise_buyers,super_user
1150,Robert,Porter,chelseasoto@example.com,001-506-563-6528,merchandise_buyers,super_user
1155,Christopher,Gates,andreaburke@example.com,+1-545-663-0624,merchandise_buyers,super_user
1158,Miguel,Evans,mccluredavid@example.org,+1-606-921-2836x30025,merchandise_buyers,super_user
1169,Chad,Butler,danielduran@example.com,001-326-825-3752x635,merchandise_buyers,super_user
1172,Tracy,Ochoa,ygarcia@example.net,+1-732-794-6226,merchandise_buyers,super_user
1175,Benjamin,Williams,bowmanlinda@example.net,5377710579,merchandise_buyers,super_user
1181,James,Wang,deborah17@example.org,472-542-7516x5048,merchandise_buyers,super_user
1185,Matthew,Thompson,lopezsean@example.com,(414)508-9371x088,merchandise_buyers,super_user
1194,David,Silva,vgraham@example.net,+1-926-622-9547,merchandise_buyers,super_user
1210,Joanne,Robinson,iwheeler@example.com,694-620-7953,merchandise_buyers,super_user
1223,Daniel,Turner,aguilarbrad@example.com,551.395.4863,merchandise_buyers,super_user
1226,Kendra,Phillips,larsonjonathan@example.com,522-576-4585x8069,merchandise_buyers,super_user
1239,Douglas,Gordon,richardlucero@example.net,435.227.3743,merchandise_buyers,super_user
1259,Robert,Thompson,john86@example.net,(325)769-4048x11242,merchandise_buyers,super_user
1269,Thomas,Boone,hughesjohn@example.org,(510)721-2758,merchandise_buyers,super_user
1282,David,Garrett,marshamanda@example.net,577.491.7726,merchandise_buyers,super_user
1297,Kelly,Campbell,aterry@example.org,332-305-9353,merchandise_buyers,super_user
1298,Todd,Johnson,ashley77@example.com,+1-749-377-5518x8363,merchandise_buyers,super_user
1301,David,Johnson,codyortega@example.org,+1-893-566-0419x08246,merchandise_buyers,super_user
1303,William,Bell,raymond03@example.net,+1-514-632-6872x868,merchandise_buyers,super_user
1330,Joe,Hughes,xsantana@example.net,354-259-1692,merchandise_buyers,super_user
1338,Kimberly,Carr,pkoch@example.net,997.903.2960x139,merchandise_buyers,super_user
1343,Claudia,Giles,amandalong@example.net,693-783-6677x777,merchandise_buyers,super_user
1345,Jessica,Robles,jessica75@example.net,001-515-565-4828x558,merchandise_buyers,super_user
1357,Jeffrey,Lewis,emily86@example.net,729.408.0967,merchandise_buyers,super_user
1377,Andrew,Jenkins,owensandrew@example.com,(776)781-3867,merchandise_buyers,super_user
1392,Alex,Aguilar,zwilliams@example.com,+1-729-516-8827x6525,merchandise_buyers,super_user
1399,Olivia,Robinson,khanzachary@example.org,(610)229-9196,merchandise_buyers,super_user
1423,Mitchell,Porter,diazkristine@example.com,610.796.9671,merchandise_buyers,super_user
1443,Thomas,Davis,cortezdonald@example.net,001-402-641-7693x556,merchandise_buyers,super_user
1457,Juan,Fisher,asutton@example.net,(783)333-2527x038,merchandise_buyers,super_user
1475,Whitney,Baker,dfischer@example.net,001-410-566-6172,merchandise_buyers,super_user
1496,Mckenzie,Hayes,campbellwilliam@example.net,405.209.9793x84420,merchandise_buyers,super_user
1506,Sarah,King,ldavidson@example.net,001-435-782-4088x75563,merchandise_buyers,super_user
1517,Amy,Dean,paul73@example.net,(448)997-1204x813,merchandise_buyers,super_user
1519,Amanda,Smith,joseph43@example.net,001-359-292-9815x377,merchandise_buyers,super_user
1537,Laura,Rogers,bergtheresa@example.org,001-337-334-2817x88203,merchandise_buyers,super_user
1546,Jessica,Robles,margaretsantiago@example.org,9927728981,merchandise_buyers,super_user
1589,Rachel,Green,julia73@example.org,(209)818-6250x6197,merchandise_buyers,super_user
1602,Christina,Andrews,brian12@example.org,990-395-4936,merchandise_buyers,super_user
1606,Steven,Sanchez,matkins@example.com,853.238.5809x23404,merchandise_buyers,super_user
1612,Cassie,White,kjones@example.org,(794)503-8520x903,merchandise_buyers,super_user
1621,Ashley,Bell,kathrynbruce@example.com,451-710-7379,merchandise_buyers,super_user
1632,Carlos,Robinson,rodriguezanna@example.net,216-524-8673,merchandise_buyers,super_user
1647,Peter,Thompson,ubrooks@example.com,(273)813-2404x25482,merchandise_buyers,super_user
1660,Jacqueline,Williams,ellisonmike@example.com,535-661-5623x2205,merchandise_buyers,super_user
1671,Sean,Moore,fosterelizabeth@example.net,592-460-3498x225,merchandise_buyers,super_user
1672,Samantha,Thomas,jesse07@example.net,001-968-876-1228x730,merchandise_buyers,super_user
1697,William,Li,kgilmore@example.net,+1-395-697-4605x97267,merchandise_buyers,super_user
1700,Beth,Hays,petersonbrandon@example.org,974-810-0328,merchandise_buyers,super_user
1705,Jeffrey,Newman,brooksmatthew@example.com,9422969638,merchandise_buyers,super_user
1712,Casey,Warner,hernandezjustin@example.com,436-416-1602x8824,merchandise_buyers,super_user
1723,Phillip,Stewart,luismayer@example.org,713-703-2900x9511,merchandise_buyers,super_user
1727,Tammy,Rodriguez,leslieshannon@example.com,(774)549-5808x467,merchandise_buyers,super_user
1730,Kelly,Vaughn,npeterson@example.org,7239311010,merchandise_buyers,super_user
1735,Mary,Banks,lambertzachary@example.com,772-416-1094,merchandise_buyers,super_user
1750,Michael,Bryan,zperry@example.com,001-770-288-8021x98425,merchandise_buyers,super_user
1752,Deborah,Lopez,wagnerheather@example.com,001-247-994-2720x883,merchandise_buyers,super_user
1753,Lucas,Scott,mark72@example.com,972.440.8882,merchandise_buyers,super_user
1763,Katherine,Henderson,christophercollins@example.org,839-438-0868x74723,merchandise_buyers,super_user
1776,Brian,Weaver,roymarvin@example.com,(934)972-3670,merchandise_buyers,super_user
1788,Michael,Bryant,ljohnson@example.com,(812)598-6582x78767,merchandise_buyers,super_user
1794,Timothy,Wright,bakerjennifer@example.net,(787)783-9467x301,merchandise_buyers,super_user
1795,James,Walsh,boydbrady@example.org,001-821-990-4552,merchandise_buyers,super_user
1815,Jennifer,Heath,alicia90@example.com,(727)989-9372,merchandise_buyers,super_user
1821,Eugene,Webster,swillis@example.com,+1-718-624-7589,merchandise_buyers,super_user
1839,Kevin,Lewis,shelley60@example.net,+1-467-837-2146x7428,merchandise_buyers,super_user
1842,Benjamin,Lam,sheila17@example.net,+1-322-447-0623x8071,merchandise_buyers,super_user
1846,Justin,Williams,jennifergray@example.net,(696)993-5354x3679,merchandise_buyers,super_user
1855,David,Scott,garciasharon@example.org,(713)256-0252,merchandise_buyers,super_user
1860,Sarah,King,jasminemason@example.com,749-840-9248x5598,merchandise_buyers,super_user
1876,Whitney,Arias,amy27@example.com,(892)669-3407x21880,merchandise_buyers,super_user
1889,Erik,Collins,brandiperry@example.org,499.402.0387x33232,merchandise_buyers,super_user
1890,Jennifer,Lee,barbaracrawford@example.com,4806004635,merchandise_buyers,super_user
1892,Scott,Johnson,tasha78@example.net,001-257-285-5535x968,merchandise_buyers,super_user
1903,Alicia,Jackson,nwhite@example.org,624-915-5238x2492,merchandise_buyers,super_user
1932,Sarah,Shaw,sherri34@example.org,(847)441-9712,merchandise_buyers,super_user
1949,Becky,Ruiz,ralph30@example.com,754.353.7810x53030,merchandise_buyers,super_user
1955,Sherry,Estrada,bstewart@example.com,(813)782-2602x66788,merchandise_buyers,super_user
1968,Mercedes,Williams,david81@example.net,763.227.4088x29102,merchandise_buyers,super_user
1975,David,Munoz,perezdana@example.org,+1-699-702-3784x50168,merchandise_buyers,super_user
1980,Patrick,Hayes,cindylamb@example.net,(874)545-4557,merchandise_buyers,super_user
1996,David,Rodriguez,msmith@example.com,786-991-8890,merchandise_buyers,super_user
2017,James,Green,brownkiara@example.com,487-710-2828,merchandise_buyers,super_user
2020,Amber,Hernandez,hollybarton@example.com,869.945.3267,merchandise_buyers,super_user
2035,Diane,Booth,tiffanyhernandez@example.com,001-408-817-2352x6530,merchandise_buyers,super_user
2049,Valerie,Barnett,amanda62@example.org,3692012973,merchandise_buyers,super_user
2062,Raymond,Ross,jason13@example.com,828.291.4593,merchandise_buyers,super_user
2075,James,Green,stewartdonna@example.net,+1-679-290-9700x066,merchandise_buyers,super_user
2084,Jessica,Stephens,elizabethblackwell@example.org,390.215.9414,merchandise_buyers,super_user
2088,Kimberly,Sims,samuelcook@example.net,(857)490-5773,merchandise_buyers,super_user
2089,Jeffrey,Miranda,williammaxwell@example.net,393.575.3599x68356,merchandise_buyers,super_user
2091,Patricia,Coleman,armstrongpatrick@example.com,+1-588-670-7966x70785,merchandise_buyers,super_user
2102,Lindsey,Brown,washingtonlisa@example.net,938-485-0911,merchandise_buyers,super_user
2103,Tanner,Robles,crusso@example.com,682-274-4606x676,merchandise_buyers,super_user
2104,Megan,Mata,hramos@example.org,745-385-6699,merchandise_buyers,super_user
2120,Nicole,Jensen,whitechristopher@example.org,899-564-3873x115,merchandise_buyers,super_user
2134,Catherine,Malone,barrydenise@example.net,464-744-9752,merchandise_buyers,super_user
2163,Amy,Myers,alvarezsarah@example.com,(894)686-2087x34731,merchandise_buyers,super_user
2171,Kevin,Lewis,savagesean@example.com,(487)970-1534x9286,merchandise_buyers,super_user
2178,Jacob,Walker,nguyenjonathan@example.org,5114357754,merchandise_buyers,super_user
2182,Kathleen,Kent,georgemark@example.net,+1-236-210-4917,merchandise_buyers,super_user
2219,Kelly,Campbell,aterry@example.org,332-305-9353,merchandise_buyers,super_user
2222,Shelly,Johnson,nathan99@example.net,239.403.4466x18278,merchandise_buyers,super_user
2231,Cindy,Sanford,etaylor@example.net,+1-778-913-3167x69690,merchandise_buyers,super_user
2234,Julie,Burke,tanyachristian@example.net,672.517.7774,merchandise_buyers,super_user
2236,Michele,Gomez,rgray@example.net,(421)490-1750x3187,merchandise_buyers,super_user
2241,Joseph,Harris,hallmark@example.net,778.568.3774x4027,merchandise_buyers,super_user
2244,Timothy,Martinez,williamfisher@example.net,821.815.5384,merchandise_buyers,super_user
2249,Elaine,Martin,wmatthews@example.net,7612295456,merchandise_buyers,super_user
2270,Patrick,Hayes,cindylamb@example.net,(874)545-4557,mailing_list,super_user
2318,Heidi,Barnes,chaddoyle@example.com,7237611043,mailing_list,super_user
2321,David,Myers,fraziermelinda@example.net,297.315.9186,mailing_list,super_user
2331,Amanda,Smith,joseph43@example.net,001-359-292-9815x377,mailing_list,super_user
2339,Robert,Espinoza,fcaldwell@example.net,+1-849-809-7324x110,mailing_list,super_user
2352,Robert,Schroeder,orobinson@example.com,970-474-2699,mailing_list,super_user
2408,David,Myers,rjohnson@example.org,575-442-8463x95687,mailing_list,super_user
2413,Carlos,Robinson,rodriguezanna@example.net,216-524-8673,mailing_list,super_user
2422,Heather,Barnes,dlam@example.org,738.290.4513,mailing_list,super_user
2424,Seth,Arias,wilsonnicholas@example.net,8232915559,mailing_list,super_user
2434,Lindsey,Brown,washingtonlisa@example.net,938-485-0911,mailing_list,super_user
2443,Jessica,Watts,thompsonlatoya@example.org,554.573.7722x831,mailing_list,super_user
2454,Amy,Myers,lorirangel@example.net,8997429919,mailing_list,super_user
2471,Sara,Johnson,mikeleon@example.net,001-749-744-8239x163,mailing_list,super_user
2494,Tracy,Neal,robertmorris@example.net,2345762974,mailing_list,super_user
2509,Katherine,Fernandez,tateangela@example.com,219-269-6808x9614,mailing_list,super_user
2521,William,Townsend,palmerpeter@example.com,368-572-5059x94337,mailing_list,super_user
2522,Laurie,Williams,gonzalezseth@example.com,339-584-3039,mailing_list,super_user
2535,Heather,Robinson,holtgerald@example.net,+1-750-470-5709x59163,mailing_list,super_user
2551,Daniel,Johnson,esmith@example.com,(785)500-4374,mailing_list,super_user
2560,Deborah,Johnson,barbarasmith@example.net,001-794-334-7219x94811,mailing_list,super_user
2564,James,Fowler,qjones@example.org,(518)502-7542x0825,mailing_list,super_user
2577,Valerie,Barnett,amanda62@example.org,3692012973,mailing_list,super_user
2579,James,Green,stewartdonna@example.net,+1-679-290-9700x066,mailing_list,super_user
2610,Jessica,Robles,margaretsantiago@example.org,9927728981,mailing_list,super_user
2615,Brian,Fuller,walkerdavid@example.org,222-834-4606x2976,mailing_list,super_user
2617,Sherry,Estrada,bstewart@example.com,(813)782-2602x66788,mailing_list,super_user
2619,Gary,Lozano,osnyder@example.com,(676)290-4504x6454,mailing_list,super_user
2620,Cody,Parks,jacksonmaria@example.org,772.692.4141x8915,mailing_list,super_user
2629,Hannah,Wiley,gjohnson@example.org,533-694-5913,mailing_list,super_user
2631,Deborah,Lopez,ugregory@example.net,001-698-794-4211,mailing_list,super_user
2654,Heather,Robinson,weaverjake@example.net,+1-350-245-4320x64709,mailing_list,super_user
2655,Ashlee,Watts,evanskevin@example.net,787-654-4689x88441,mailing_list,super_user
2660,Eugene,Webster,swillis@example.com,+1-718-624-7589,mailing_list,super_user
2667,Raymond,Frazier,michelleallen@example.org,001-228-861-5580x2684,mailing_list,super_user
2680,Todd,Johnson,ashley77@example.com,+1-749-377-5518x8363,mailing_list,super_user
2681,Grace,Russo,eric92@example.com,(847)966-1092,mailing_list,super_user
2702,Michael,Bryan,zperry@example.com,001-770-288-8021x98425,mailing_list,super_user
2703,Megan,Cunningham,paulkim@example.com,001-526-541-6971x591,mailing_list,super_user
2718,James,May,derrick40@example.net,001-933-847-8298x685,mailing_list,super_user
2726,Joe,Hughes,xsantana@example.net,354-259-1692,mailing_list,super_user
2729,Patrick,Hayes,michaelrita@example.org,969.260.5105x262,mailing_list,super_user
2757,Shelly,Johnson,nathan99@example.net,239.403.4466x18278,mailing_list,super_user
2766,Katherine,Henderson,christophercollins@example.org,839-438-0868x74723,mailing_list,super_user
2767,Jessica,Stephens,elizabethblackwell@example.org,390.215.9414,mailing_list,super_user
2792,Robert,Porter,chelseasoto@example.com,001-506-563-6528,mailing_list,super_user
2804,Timothy,Wright,bakerjennifer@example.net,(787)783-9467x301,mailing_list,super_user
2808,Andrew,Jenkins,owensandrew@example.com,(776)781-3867,mailing_list,super_user
2810,Alex,Aguilar,zwilliams@example.com,+1-729-516-8827x6525,mailing_list,super_user
2839,Austin,Weaver,garnermeghan@example.org,554.352.7360,mailing_list,super_user
2846,Christian,Ward,steincurtis@example.com,001-835-643-4782,mailing_list,super_user
2849,Robert,Espinoza,jperez@example.org,2407583622,mailing_list,super_user
2853,Jennifer,Miller,dwilliams@example.net,+1-951-781-9801x82297,mailing_list,super_user
2865,Nicole,Jensen,whitechristopher@example.org,899-564-3873x115,mailing_list,super_user
2870,Alexandra,Anderson,booneisaac@example.com,885-285-5691x482,mailing_list,super_user
2879,Douglas,Gordon,richardlucero@example.net,435.227.3743,mailing_list,super_user
2901,Marcus,Snyder,pollardgrant@example.com,444.735.0003x20956,mailing_list,super_user
2910,David,Garrett,marshamanda@example.net,577.491.7726,mailing_list,super_user
2911,Matthew,Thompson,lopezsean@example.com,(414)508-9371x088,mailing_list,super_user
2916,Denise,Conner,joseph18@example.com,4588987426,mailing_list,super_user
2920,James,Walsh,boydbrady@example.org,001-821-990-4552,mailing_list,super_user
2922,Benjamin,Miller,laura64@example.com,964.844.3998,mailing_list,super_user
2924,Bryan,Hanson,brownandrea@example.org,+1-615-630-4609x381,mailing_list,super_user
2939,Elaine,Martin,wmatthews@example.net,7612295456,mailing_list,super_user
2946,Phillip,Stewart,luismayer@example.org,713-703-2900x9511,mailing_list,super_user
2950,Donald,Crawford,alexis20@example.com,+1-678-503-9754,mailing_list,super_user
2967,Lucas,Shaffer,nicholasfrazier@example.com,248-490-3997x796,mailing_list,super_user
2970,Jeffrey,Lewis,emily86@example.net,729.408.0967,mailing_list,super_user
2971,Tammy,Rose,ojones@example.org,+1-629-260-3887,mailing_list,super_user
2972,Mercedes,Williams,david81@example.net,763.227.4088x29102,mailing_list,super_user
2973,Madison,Adams,stephaniegonzalez@example.net,+1-417-286-1306x29974,mailing_list,super_user
2974,Benjamin,Williams,bowmanlinda@example.net,5377710579,mailing_list,super_user
2984,Sarah,King,jasminemason@example.com,749-840-9248x5598,mailing_list,super_user
2989,Gina,Powell,maria15@example.net,644.571.5818x7436,mailing_list,super_user
3002,Susan,Reyes,richmondaaron@example.org,(659)299-5355,mailing_list,super_user
3004,Amanda,Smith,matthewphillips@example.com,(284)351-5900x140,mailing_list,super_user
3005,Jennifer,Lee,lauren34@example.com,(553)350-3043x91766,mailing_list,super_user
3060,Jeffery,Diaz,ronald38@example.com,268.914.5716x5443,mailing_list,super_user
3061,Megan,Giles,kristen64@example.org,(656)355-7160,mailing_list,super_user
3065,Samantha,Thomas,jesse07@example.net,001-968-876-1228x730,mailing_list,super_user
3071,Carrie,Soto,dduncan@example.com,629-476-8831x258,mailing_list,super_user
3075,Kenneth,Stevenson,aprilclark@example.com,+1-381-639-4893,mailing_list,super_user
3080,David,Silva,vgraham@example.net,+1-926-622-9547,mailing_list,super_user
3092,Nicholas,Stephenson,fhobbs@example.org,830.728.8164,mailing_list,super_user
3093,David,Rodriguez,tranrichard@example.org,+1-575-525-4799x9030,mailing_list,super_user
3098,Elizabeth,Jackson,goodwinnicholas@example.net,(591)944-8070x64359,mailing_list,super_user
3101,Diana,Hayes,phillipsjamie@example.org,601-461-8603x96119,mailing_list,super_user
3110,Jonathan,Diaz,sheilagolden@example.com,864-553-1876x50978,mailing_list,super_user
3121,Ashley,Bell,kathrynbruce@example.com,451-710-7379,mailing_list,super_user
3122,Heather,Robinson,weaverjake@example.net,+1-350-245-4320x64709,mailing_list,super_user
3123,Claudia,Giles,amandalong@example.net,693-783-6677x777,mailing_list,super_user
3125,Scott,Patton,phillipskrystal@example.net,+1-603-644-8584,mailing_list,super_user
3127,George,Phillips,caseykelly@example.org,329-240-4669x1057,mailing_list,super_user
3130,Devon,Parker,bonniehanson@example.com,+1-721-863-8237x77325,mailing_list,super_user
3131,Cynthia,Watkins,christina46@example.org,001-420-870-5556,mailing_list,super_user
3132,James,Maddox,amysanchez@example.org,+1-513-530-9106x258,mailing_list,super_user
3137,Brooke,Bailey,pattyharrison@example.net,830.795.5552x560,mailing_list,super_user
3142,Juan,Fisher,asutton@example.net,(783)333-2527x038,mailing_list,super_user
3143,David,Johnson,codyortega@example.org,+1-893-566-0419x08246,mailing_list,super_user
3146,Michael,Dudley,catherine06@example.org,(293)577-1231x2554,mailing_list,super_user
3150,Michael,Morrow,jgordon@example.net,001-425-422-2860x004,mailing_list,super_user
3155,James,Wang,deborah17@example.org,472-542-7516x5048,mailing_list,super_user
3156,William,Li,kgilmore@example.net,+1-395-697-4605x97267,mailing_list,super_user
3160,Darryl,Reed,srodriguez@example.org,934.526.9486x494,mailing_list,super_user
3163,Alicia,Hayes,gilberthernandez@example.com,382-939-1730x81126,mailing_list,super_user
3164,Shelley,Kelley,loganduncan@example.org,561-352-4815,mailing_list,super_user
3168,Cesar,Smith,smithrachael@example.net,001-973-582-3192,mailing_list,super_user
3173,Karen,Horn,stevenrodriguez@example.net,9667281042,mailing_list,super_user
3175,Alicia,Jackson,nwhite@example.org,624-915-5238x2492,mailing_list,super_user
3188,Michael,Marshall,vmatthews@example.org,(243)570-1096x026,mailing_list,super_user
3194,Andrew,Powell,sharpglenn@example.org,(343)567-9479x145,mailing_list,super_user
3199,Thomas,Boone,hughesjohn@example.org,(510)721-2758,mailing_list,super_user
3207,Edward,Hunter,sandramoran@example.org,865-428-1042,mailing_list,super_user
3215,Brent,Brown,bdouglas@example.net,936.797.8662x190,mailing_list,super_user
3216,Kim,Cunningham,lisavelez@example.com,(481)605-4957,mailing_list,super_user
3222,Dawn,Mitchell,kenneth61@example.net,497-958-9761x82726,mailing_list,super_user
3227,Daniel,Baldwin,andrewhorton@example.com,451-684-7340x9763,mailing_list,super_user
3230,Jasmine,Sawyer,kristinehale@example.net,+1-529-629-6349x86688,mailing_list,super_user
3233,Anthony,Rice,garrettrobert@example.com,(380)415-1950x771,mailing_list,super_user
3237,Kevin,Lewis,shelley60@example.net,+1-467-837-2146x7428,mailing_list,super_user
3240,Wesley,Skinner,nancyreynolds@example.org,(862)421-8037x18764,mailing_list,super_user
3243,Elizabeth,Powell,smithmelissa@example.net,905.228.5782,mailing_list,super_user
3244,Michael,Jordan,kenneth20@example.com,+1-835-729-8687,mailing_list,super_user
3246,Tyler,Cooke,cjohnson@example.net,001-543-992-7414x14250,mailing_list,super_user
3250,Michael,Carter,joannawilkinson@example.org,(911)521-2947x662,mailing_list,super_user
3251,Olivia,Robinson,khanzachary@example.org,(610)229-9196,mailing_list,super_user
3265,Amanda,Fernandez,dball@example.org,(379)748-9432x355,mailing_list,super_user
3269,Shelby,Malone,wsanders@example.org,001-556-391-2100,mailing_list,super_user
3272,Rachel,Williams,gjones@example.org,+1-575-804-6544,mailing_list,super_user
3288,Thomas,Rasmussen,paul78@example.com,926.771.1754x63101,mailing_list,super_user
3289,Robert,Thompson,john86@example.net,(325)769-4048x11242,mailing_list,super_user
3296,Scott,Johnson,jmassey@example.org,001-761-922-6100x618,mailing_list,super_user
3300,Andrew,Smith,boothjeremy@example.org,563.587.9370,mailing_list,super_user
3304,Katherine,Fernandez,tateangela@example.com,219-269-6808x9614,mailing_list,super_user
3307,Bianca,Farrell,nsharp@example.net,(736)464-6106x566,mailing_list,super_user
3314,Tracy,Ochoa,ygarcia@example.net,+1-732-794-6226,mailing_list,super_user
3321,Lucas,Scott,mark72@example.com,972.440.8882,mailing_list,super_user
3329,Justin,Williams,paulkara@example.net,001-247-400-9345x0026,mailing_list,super_user
3333,Christopher,Gates,andreaburke@example.com,+1-545-663-0624,mailing_list,super_user
3337,Kristina,Nguyen,lisamartinez@example.org,610-854-7230,mailing_list,super_user
3339,Kayla,Donovan,brendashannon@example.org,349.307.2207,mailing_list,super_user
3346,Ann,Nunez,christopher45@example.org,995-283-5547x547,mailing_list,super_user
3347,Dominic,Marks,jbecker@example.net,666.804.7961x0023,mailing_list,super_user
3358,Kelly,Vaughn,npeterson@example.org,7239311010,mailing_list,super_user
3374,Joann,Rice,lindsay66@example.org,714-244-7703,mailing_list,super_user
3377,Michael,Dillon,qtanner@example.com,9519266276,mailing_list,super_user
3385,Rachel,Green,julia73@example.org,(209)818-6250x6197,mailing_list,super_user
3387,Bryan,Hanson,brownandrea@example.org,+1-615-630-4609x381,mailing_list,super_user
3405,Mark,Armstrong,michael14@example.com,001-413-226-6170,mailing_list,super_user
3417,Michael,Jones,brandi13@example.com,965-861-5106,mailing_list,super_user
3424,Benjamin,Miller,laura64@example.com,964.844.3998,mailing_list,super_user
3433,Jennifer,Lee,psharp@example.net,(298)754-6955x554,mailing_list,super_user
3437,John,Williams,karenhall@example.org,963.874.3867x591,mailing_list,super_user
3444,Andrew,Jenkins,owensandrew@example.com,(776)781-3867,alumni,super_user
3445,Michael,Dudley,catherine06@example.org,(293)577-1231x2554,alumni,super_user
3450,Kathleen,Kent,georgemark@example.net,+1-236-210-4917,alumni,super_user
3455,Anita,Norman,zrivera@example.com,001-977-799-8172x692,alumni,super_user
3462,Peter,Mccarthy,moralesamy@example.org,721-840-8449x9947,alumni,super_user
3465,Kristen,Nelson,timothywarner@example.net,869-811-5424,alumni,super_user
3477,Tracy,Neal,robertmorris@example.net,2345762974,alumni,super_user
3488,Sarah,Shaw,sherri34@example.org,(847)441-9712,alumni,super_user
3521,Christina,Andrews,brian12@example.org,990-395-4936,alumni,super_user
3522,Kelly,Vaughn,npeterson@example.org,7239311010,alumni,super_user
3524,Scott,Johnson,tasha78@example.net,001-257-285-5535x968,alumni,super_user
3526,Donald,Crawford,mark09@example.com,269-411-6777x22938,alumni,super_user
3527,Alex,Aguilar,zwilliams@example.com,+1-729-516-8827x6525,alumni,super_user
3530,David,Rodriguez,tranrichard@example.org,+1-575-525-4799x9030,alumni,super_user
3534,Richard,Thomas,kyle76@example.com,+1-474-809-0388x605,alumni,super_user
3553,Benjamin,Williams,pbarnes@example.org,983-507-9420,alumni,super_user
3557,Julie,Burke,tanyachristian@example.net,672.517.7774,alumni,super_user
3562,Shelby,Phelps,vincentalejandro@example.net,(958)996-6256,alumni,super_user
3578,Megan,Giles,kristen64@example.org,(656)355-7160,alumni,super_user
3583,Gary,Lozano,osnyder@example.com,(676)290-4504x6454,alumni,super_user
3599,Kelly,Campbell,hprice@example.net,251-328-4432x6152,alumni,super_user
3607,Robert,Thompson,ifisher@example.net,001-671-612-5387x138,alumni,super_user
3611,David,Scott,garciasharon@example.org,(713)256-0252,alumni,super_user
3612,Robert,Schroeder,orobinson@example.com,970-474-2699,alumni,super_user
3616,Maria,Schmidt,andrewmartin@example.net,(579)443-9061,alumni,super_user
3621,Beth,Hays,petersonbrandon@example.org,974-810-0328,alumni,super_user
3622,Michael,Marshall,vmatthews@example.org,(243)570-1096x026,alumni,super_user
3623,Elizabeth,Jackson,goodwinnicholas@example.net,(591)944-8070x64359,alumni,super_user
3639,Edward,Hunter,sandramoran@example.org,865-428-1042,alumni,super_user
3644,Olivia,Robinson,khanzachary@example.org,(610)229-9196,alumni,super_user
3646,Amy,Dean,katherine39@example.com,001-519-752-1256x866,alumni,super_user
3653,Chad,Bryan,lrichmond@example.org,001-348-580-9353,alumni,super_user
3664,Thomas,Davis,cortezdonald@example.net,001-402-641-7693x556,alumni,super_user
3675,Lucas,Shaffer,nicholasfrazier@example.com,248-490-3997x796,alumni,super_user
3677,Brooke,Bailey,pattyharrison@example.net,830.795.5552x560,alumni,super_user
3679,Jennifer,Miller,smithdaniel@example.com,001-942-253-6943x210,alumni,super_user
3688,William,Bell,raymond03@example.net,+1-514-632-6872x868,alumni,super_user
3693,Bryan,Hanson,brownandrea@example.org,+1-615-630-4609x381,alumni,super_user
3706,Marcus,Snyder,pollardgrant@example.com,444.735.0003x20956,alumni,super_user
3707,Katherine,Fernandez,tateangela@example.com,219-269-6808x9614,alumni,super_user
3708,Whitney,Arias,amy27@example.com,(892)669-3407x21880,alumni,super_user
3712,Daniel,Hernandez,julie60@example.com,+1-529-936-5437,alumni,super_user
3718,Devon,Parker,bonniehanson@example.com,+1-721-863-8237x77325,alumni,super_user
3720,William,Townsend,palmerpeter@example.com,368-572-5059x94337,alumni,super_user
3721,Susan,Sawyer,maryfoley@example.org,(860)894-1499x8772,alumni,super_user
3722,Timothy,Martinez,odeleon@example.org,657-474-6579x610,alumni,super_user
3725,Kenneth,Stevenson,aprilclark@example.com,+1-381-639-4893,alumni,super_user
3732,Jeffery,Diaz,ronald38@example.com,268.914.5716x5443,alumni,super_user
3737,Samantha,Thomas,jesse07@example.net,001-968-876-1228x730,alumni,super_user
3743,Becky,Ruiz,ralph30@example.com,754.353.7810x53030,alumni,super_user
3751,James,Maddox,amysanchez@example.org,+1-513-530-9106x258,alumni,super_user
3752,Kimberly,Sims,samuelcook@example.net,(857)490-5773,alumni,super_user
3753,David,Silva,vgraham@example.net,+1-926-622-9547,alumni,super_user
3762,Jamie,Thomas,wilsonmelissa@example.net,933-838-9375x80894,alumni,super_user
3767,Darryl,Reed,srodriguez@example.org,934.526.9486x494,alumni,super_user
3769,Deborah,Lopez,wagnerheather@example.com,001-247-994-2720x883,alumni,super_user
3770,Miguel,Evans,mccluredavid@example.org,+1-606-921-2836x30025,alumni,super_user
3787,Scott,Patton,phillipskrystal@example.net,+1-603-644-8584,alumni,super_user
3792,Amber,Hernandez,hollybarton@example.com,869.945.3267,alumni,super_user
3804,Susan,Reyes,richmondaaron@example.org,(659)299-5355,alumni,super_user
3812,Mary,Banks,lambertzachary@example.com,772-416-1094,alumni,super_user
3820,Benjamin,Lam,sheila17@example.net,+1-322-447-0623x8071,alumni,super_user
3822,Paul,Jackson,penningtondylan@example.net,883-362-3133x85735,alumni,super_user
3835,Ashley,Mckinney,laura86@example.com,937.585.7970,alumni,super_user
3840,Craig,May,xgreer@example.com,(417)383-4895x574,alumni,super_user
3848,Austin,Weaver,garnermeghan@example.org,554.352.7360,alumni,super_user
3858,Shelley,Kelley,loganduncan@example.org,561-352-4815,alumni,super_user
3882,Michelle,Richardson,yshaw@example.org,001-797-597-6450x904,alumni,super_user
3884,James,Wang,deborah17@example.org,472-542-7516x5048,alumni,super_user
3885,Tyler,Cooke,cjohnson@example.net,001-543-992-7414x14250,alumni,super_user
3893,Donna,Holder,jeffrey80@example.com,821.273.9155x70377,alumni,super_user
3894,Veronica,Watson,lopezlori@example.net,8142627429,alumni,super_user
3896,William,Li,kgilmore@example.net,+1-395-697-4605x97267,alumni,super_user
3901,Cassie,White,kjones@example.org,(794)503-8520x903,alumni,super_user
3902,Patricia,Coleman,armstrongpatrick@example.com,+1-588-670-7966x70785,alumni,super_user
3904,James,Fowler,qjones@example.org,(518)502-7542x0825,alumni,super_user
3908,Shelby,Malone,wsanders@example.org,001-556-391-2100,alumni,super_user
3910,Daniel,Williams,petersonjason@example.net,001-423-460-9564x6245,alumni,super_user
3911,Margaret,Carter,robert83@example.com,+1-291-740-7299x41983,alumni,super_user
3916,Joann,Rice,lindsay66@example.org,714-244-7703,alumni,super_user
3919,Sean,Moore,fosterelizabeth@example.net,592-460-3498x225,alumni,super_user
3927,Kendra,Madden,iburgess@example.com,3498153335,alumni,super_user
3936,Jacqueline,Williams,ellisonmike@example.com,535-661-5623x2205,alumni,super_user
3940,Dominic,Marks,jbecker@example.net,666.804.7961x0023,alumni,super_user
3946,Cindy,Sanford,etaylor@example.net,+1-778-913-3167x69690,alumni,super_user
3951,Timothy,Weber,sean00@example.org,899-656-3216x43647,alumni,super_user
3958,Laurie,Williams,gonzalezseth@example.com,339-584-3039,alumni,super_user
3964,Jennifer,Lee,psharp@example.net,(298)754-6955x554,alumni,super_user
3965,Savannah,Torres,jescobar@example.net,001-916-311-8339x5679,alumni,super_user
3971,Mitchell,Porter,diazkristine@example.com,610.796.9671,alumni,super_user
3973,Amber,Chambers,russell22@example.net,266-751-3907x689,alumni,super_user
3974,Matthew,Thompson,lopezsean@example.com,(414)508-9371x088,alumni,super_user
3978,Megan,Mata,hramos@example.org,745-385-6699,alumni,super_user
3980,James,Green,obriggs@example.net,001-421-340-1056,alumni,super_user
3983,Tammy,Rose,ojones@example.org,+1-629-260-3887,alumni,super_user
3984,Seth,Arias,wilsonnicholas@example.net,8232915559,alumni,super_user
3985,Catherine,Malone,barrydenise@example.net,464-744-9752,alumni,super_user
3988,Michael,Jordan,kenneth20@example.com,+1-835-729-8687,alumni,super_user
3991,Sarah,King,ldavidson@example.net,001-435-782-4088x75563,alumni,super_user
3998,Austin,Chavez,robin79@example.com,(439)597-0468x96244,alumni,super_user
4006,David,Munoz,perezdana@example.org,+1-699-702-3784x50168,alumni,super_user
4023,Jeffrey,Miranda,williammaxwell@example.net,393.575.3599x68356,alumni,super_user
4026,Lisa,Santiago,evansmichael@example.org,+1-375-991-8709,alumni,super_user
4038,Karen,Horn,stevenrodriguez@example.net,9667281042,alumni,super_user
4042,James,Green,brownkiara@example.com,487-710-2828,alumni,super_user
4043,Anthony,Rice,garrettrobert@example.com,(380)415-1950x771,alumni,super_user
4046,Dawn,Mitchell,kenneth61@example.net,497-958-9761x82726,alumni,super_user
4049,Whitney,Baker,dfischer@example.net,001-410-566-6172,alumni,super_user
4051,Thomas,Rasmussen,paul78@example.com,926.771.1754x63101,alumni,super_user
4055,Elizabeth,Powell,smithmelissa@example.net,905.228.5782,alumni,super_user
4056,Nathan,Ho,briannasexton@example.org,920.568.9704,alumni,super_user
4061,Ashlee,Watts,evanskevin@example.net,787-654-4689x88441,alumni,super_user
4062,Megan,Cunningham,paulkim@example.com,001-526-541-6971x591,alumni,super_user
4066,Brian,Fuller,walkerdavid@example.org,222-834-4606x2976,alumni,super_user
4069,Mark,Armstrong,michael14@example.com,001-413-226-6170,alumni,super_user
4070,Kevin,Lewis,shelley60@example.net,+1-467-837-2146x7428,alumni,super_user
4073,Chad,Butler,danielduran@example.com,001-326-825-3752x635,alumni,super_user
4075,Christian,Ward,steincurtis@example.com,001-835-643-4782,alumni,super_user
4076,Heidi,Barnes,chaddoyle@example.com,7237611043,alumni,super_user
4081,Peter,Thompson,ubrooks@example.com,(273)813-2404x25482,alumni,super_user
4090,Jacob,Walker,nguyenjonathan@example.org,5114357754,alumni,super_user
4091,Carlos,Robinson,rodriguezanna@example.net,216-524-8673,alumni,super_user
4101,Eugene,Webster,swillis@example.com,+1-718-624-7589,alumni,super_user
4102,Wesley,Skinner,nancyreynolds@example.org,(862)421-8037x18764,alumni,super_user
4108,Kim,Cunningham,lisavelez@example.com,(481)605-4957,alumni,super_user
4112,Kimberly,Carr,pkoch@example.net,997.903.2960x139,alumni,super_user
4113,Rachel,Williams,gjones@example.org,+1-575-804-6544,alumni,super_user
4116,Gina,Powell,maria15@example.net,644.571.5818x7436,alumni,super_user
4122,David,Johnson,codyortega@example.org,+1-893-566-0419x08246,alumni,super_user
4129,Joe,Hughes,xsantana@example.net,354-259-1692,alumni,super_user
4135,Denise,Conner,joseph18@example.com,4588987426,alumni,super_user
4139,David,Myers,rjohnson@example.org,575-442-8463x95687,alumni,super_user
4156,Linda,Harris,ypeters@example.net,(527)988-0615x97150,alumni,super_user
4162,Mckenzie,Hayes,campbellwilliam@example.net,405.209.9793x84420,alumni,super_user
4163,Tanner,Robles,crusso@example.com,682-274-4606x676,alumni,super_user
4173,Kristina,Nguyen,lisamartinez@example.org,610-854-7230,alumni,super_user
4174,Randall,Fleming,patrickford@example.org,001-557-355-5023x455,alumni,super_user
4181,Carrie,Soto,dduncan@example.com,629-476-8831x258,alumni,super_user
4185,David,Johnson,james19@example.net,256.454.7114x68644,alumni,super_user
4186,Joseph,Harris,hallmark@example.net,778.568.3774x4027,alumni,super_user
4191,Michael,Bryant,ljohnson@example.com,(812)598-6582x78767,alumni,super_user
4203,Elaine,Martin,wmatthews@example.net,7612295456,alumni,super_user
4213,Alicia,Jackson,nwhite@example.org,624-915-5238x2492,alumni,super_user
4223,Laura,Rogers,bergtheresa@example.org,001-337-334-2817x88203,alumni,super_user
4233,Diane,Booth,tiffanyhernandez@example.com,001-408-817-2352x6530,alumni,super_user
4235,David,Garrett,marshamanda@example.net,577.491.7726,alumni,super_user
4242,Timothy,Wright,andrewkoch@example.org,397.574.8689,alumni,super_user
4244,Cesar,Smith,smithrachael@example.net,001-973-582-3192,alumni,super_user
4257,Benjamin,Williams,bowmanlinda@example.net,5377710579,alumni,super_user
4258,Joanne,Robinson,iwheeler@example.com,694-620-7953,alumni,super_user
4263,Daniel,Baldwin,andrewhorton@example.com,451-684-7340x9763,alumni,super_user
4265,Raymond,Ross,jason13@example.com,828.291.4593,alumni,super_user
4270,Valerie,Barnett,amanda62@example.org,3692012973,alumni,super_user
4271,Andrew,Powell,sharpglenn@example.org,(343)567-9479x145,alumni,super_user
4273,Michele,Gomez,rgray@example.net,(421)490-1750x3187,alumni,super_user
4275,Hannah,Wiley,gjohnson@example.org,533-694-5913,alumni,super_user
4281,Shawn,Paul,robertvasquez@example.org,+1-886-480-5109x672,alumni,super_user
4283,Daniel,Turner,aguilarbrad@example.com,551.395.4863,alumni,super_user
4287,Raymond,Frazier,michelleallen@example.org,001-228-861-5580x2684,alumni,super_user
4290,Deborah,Johnson,pray@example.net,+1-250-729-7839x9620,alumni,super_user
4305,Peter,Compton,ashley78@example.org,313-965-3433,alumni,super_user
4311,Craig,May,xgreer@example.com,(417)383-4895x574,alumni,super_user
4318,Amy,Dean,paul73@example.net,(448)997-1204x813,alumni,super_user
4322,John,Burnett,kellyharris@example.net,(366)970-6478x2870,alumni,super_user
4333,Madison,Adams,stephaniegonzalez@example.net,+1-417-286-1306x29974,alumni,super_user
4336,Tina,White,wucaitlin@example.net,(342)545-9369,alumni,super_user
4342,Benjamin,Williams,pbarnes@example.org,983-507-9420,alumni,super_user
4344,James,May,derrick40@example.net,001-933-847-8298x685,alumni,super_user
4345,John,Williams,adunn@example.com,579-519-7099,alumni,super_user
4357,Katherine,Henderson,christophercollins@example.org,839-438-0868x74723,alumni,super_user
4364,Andrew,Steele,vsheppard@example.org,208-609-7629x82034,alumni,super_user
4369,Grace,Russo,eric92@example.com,(847)966-1092,alumni,super_user
4378,Jeffrey,Lewis,shafferdenise@example.org,(766)450-7021x67751,alumni,super_user
4382,Kendra,Phillips,larsonjonathan@example.com,522-576-4585x8069,alumni,super_user
4388,Sara,Johnson,mikeleon@example.net,001-749-744-8239x163,alumni,super_user
4392,Linda,Harris,ypeters@example.net,(527)988-0615x97150,alumni,super_user
4395,Cody,Parks,jacksonmaria@example.org,772.692.4141x8915,alumni,super_user
4400,Phillip,Stewart,luismayer@example.org,713-703-2900x9511,alumni,super_user
4402,Scott,Sanchez,ronald00@example.net,001-470-718-4561x12813,alumni,super_user
4417,Alexandra,Anderson,booneisaac@example.com,885-285-5691x482,alumni,super_user
4423,Brian,Weaver,roymarvin@example.com,(934)972-3670,alumni,super_user
4437,Tammy,Rodriguez,leslieshannon@example.com,(774)549-5808x467,alumni,super_user
4441,Susan,Sawyer,maryfoley@example.org,(860)894-1499x8772,alumni,super_user
4460,Adrian,Horn,westchristopher@example.org,227-609-5310x2204,alumni,super_user
4463,Casey,Warner,hernandezjustin@example.com,436-416-1602x8824,alumni,super_user
4470,Derrick,Ferguson,kochjustin@example.com,001-428-588-6052x02340,alumni,super_user
4481,Richard,Thomas,kyle76@example.com,+1-474-809-0388x605,alumni,super_user
4486,Michael,Hutchinson,jcortez@example.com,(986)399-2072,alumni,super_user
4487,Rebecca,Perry,sara18@example.net,001-544-422-4849,alumni,super_user
4488,Jamie,Thomas,wilsonmelissa@example.net,933-838-9375x80894,alumni,super_user
4515,Steven,Sanchez,matkins@example.com,853.238.5809x23404,alumni,super_user
4517,Jennifer,Heath,alicia90@example.com,(727)989-9372,alumni,super_user
4523,Erik,Collins,brandiperry@example.org,499.402.0387x33232,alumni,super_user
4531,Heather,Barnes,stephaniesilva@example.org,943.323.6906x746,alumni,super_user
4533,Jessica,Hudson,williamsronald@example.org,891-266-8806x228,alumni,super_user
4536,Colton,Russo,williamsalyssa@example.net,608.944.1433,alumni,super_user
4556,Jacob,Rice,adamsmary@example.org,001-340-821-9799x3240,alumni,super_user
4565,Kristen,Nelson,timothywarner@example.net,869-811-5424,alumni,super_user
4578,Jeffrey,Newman,brooksmatthew@example.com,9422969638,alumni,super_user
4582,Kendra,Madden,iburgess@example.com,3498153335,alumni,super_user
4584,Joshua,Miller,tanya89@example.net,735-228-8597,alumni,super_user
4600,Miguel,Evans,mccluredavid@example.org,+1-606-921-2836x30025,alumni,super_user
4621,James,Walsh,boydbrady@example.org,001-821-990-4552,alumni,super_user
4634,Sarah,King,jasminemason@example.com,749-840-9248x5598,alumni,super_user
4636,Colton,Russo,N/A,N/A,regular_ticket_buyers,super_user
4645,James,May,N/A,N/A,regular_ticket_buyers,super_user
4669,Kelly,Campbell,N/A,N/A,regular_ticket_buyers,super_user
4670,Susan,Sawyer,N/A,N/A,regular_ticket_buyers,super_user
4671,Kimberly,Sims,N/A,N/A,regular_ticket_buyers,super_user
4684,Amanda,Fernandez,N/A,N/A,regular_ticket_buyers,super_user
4690,Andrew,Smith,N/A,N/A,regular_ticket_buyers,super_user
4702,Kristina,Nguyen,N/A,N/A,regular_ticket_buyers,super_user
4704,David,Johnson,N/A,N/A,regular_ticket_buyers,super_user
4709,Michael,Dillon,N/A,N/A,regular_ticket_buyers,super_user
4725,Austin,Chavez,N/A,N/A,regular_ticket_buyers,super_user
4729,Sherry,Estrada,N/A,N/A,regular_ticket_buyers,super_user
4732,Patricia,Coleman,N/A,N/A,regular_ticket_buyers,super_user
4734,Raymond,Ross,N/A,N/A,regular_ticket_buyers,super_user
4736,Jessica,Watts,N/A,N/A,regular_ticket_buyers,super_user
4737,Ashley,Bell,N/A,N/A,regular_ticket_buyers,super_user
4747,Alex,Aguilar,N/A,N/A,regular_ticket_buyers,super_user
4750,Anthony,Rice,N/A,N/A,regular_ticket_buyers,super_user
4751,Christina,Andrews,N/A,N/A,regular_ticket_buyers,super_user
4757,Daniel,Baldwin,N/A,N/A,regular_ticket_buyers,super_user
4759,Ashley,Mckinney,N/A,N/A,regular_ticket_buyers,super_user
4769,Amber,Chambers,N/A,N/A,regular_ticket_buyers,super_user
4771,Eugene,Webster,N/A,N/A,regular_ticket_buyers,super_user
4776,Mercedes,Williams,N/A,N/A,regular_ticket_buyers,super_user
4781,Becky,Ruiz,N/A,N/A,regular_ticket_buyers,super_user
4782,Jacob,Walker,N/A,N/A,regular_ticket_buyers,super_user
4783,Steven,Sanchez,N/A,N/A,regular_ticket_buyers,super_user
4791,Kristen,Nelson,N/A,N/A,regular_ticket_buyers,super_user
4792,Justin,Williams,N/A,N/A,regular_ticket_buyers,super_user
4805,Scott,Johnson,N/A,N/A,regular_ticket_buyers,super_user
4807,Peter,Compton,N/A,N/A,regular_ticket_buyers,super_user
4809,Linda,Harris,N/A,N/A,regular_ticket_buyers,super_user
4813,Patrick,Hayes,N/A,N/A,regular_ticket_buyers,super_user
4814,Mary,Banks,N/A,N/A,regular_ticket_buyers,super_user
4821,Bianca,Farrell,N/A,N/A,regular_ticket_buyers,super_user
4828,Kim,Cunningham,N/A,N/A,regular_ticket_buyers,super_user
4838,Kimberly,Carr,N/A,N/A,regular_ticket_buyers,super_user
4850,Maria,Schmidt,N/A,N/A,regular_ticket_buyers,super_user
4858,Benjamin,Williams,N/A,N/A,regular_ticket_buyers,super_user
4862,Robert,Espinoza,N/A,N/A,regular_ticket_buyers,super_user
4869,Rebecca,Perry,N/A,N/A,regular_ticket_buyers,super_user
4873,Catherine,Malone,N/A,N/A,regular_ticket_buyers,super_user
4874,Daniel,Johnson,N/A,N/A,regular_ticket_buyers,super_user
4878,Amber,Hernandez,N/A,N/A,regular_ticket_buyers,super_user
4882,Jessica,Robles,N/A,N/A,regular_ticket_buyers,super_user
4885,Tracy,Ochoa,N/A,N/A,regular_ticket_buyers,super_user
4893,Megan,Giles,N/A,N/A,regular_ticket_buyers,super_user
4897,Richard,Thomas,N/A,N/A,regular_ticket_buyers,super_user
4899,Michael,Jordan,N/A,N/A,regular_ticket_buyers,super_user
4910,Savannah,Torres,N/A,N/A,regular_ticket_buyers,super_user
4921,Julie,Burke,N/A,N/A,regular_ticket_buyers,super_user
4935,Michele,Gomez,N/A,N/A,regular_ticket_buyers,super_user
4937,Nicole,Jensen,N/A,N/A,regular_ticket_buyers,super_user
4942,Jennifer,Lee,N/A,N/A,regular_ticket_buyers,super_user
4944,Jasmine,Sawyer,N/A,N/A,regular_ticket_buyers,super_user
4945,Lucas,Scott,N/A,N/A,regular_ticket_buyers,super_user
4948,Alicia,Hayes,N/A,N/A,regular_ticket_buyers,super_user
4950,David,Rodriguez,N/A,N/A,regular_ticket_buyers,super_user
4953,Amanda,Smith,N/A,N/A,regular_ticket_buyers,super_user
4955,Rachel,Williams,N/A,N/A,regular_ticket_buyers,super_user
4963,Scott,Johnson,N/A,N/A,regular_ticket_buyers,super_user
4982,Heather,Robinson,N/A,N/A,regular_ticket_buyers,super_user
4983,Jacqueline,Williams,N/A,N/A,regular_ticket_buyers,super_user
4986,Brian,Weaver,N/A,N/A,regular_ticket_buyers,super_user
4987,Michelle,Richardson,N/A,N/A,regular_ticket_buyers,super_user
4988,Tammy,Rose,N/A,N/A,regular_ticket_buyers,super_user
4999,Joseph,Harris,N/A,N/A,regular_ticket_buyers,super_user
5002,Kevin,Lewis,N/A,N/A,regular_ticket_buyers,super_user
5005,Jacob,Rice,N/A,N/A,regular_ticket_buyers,super_user
5009,Sarah,King,N/A,N/A,regular_ticket_buyers,super_user
5012,Heather,Robinson,N/A,N/A,regular_ticket_buyers,super_user
5020,James,Green,N/A,N/A,regular_ticket_buyers,super_user
5021,Jessica,Stephens,N/A,N/A,regular_ticket_buyers,super_user
5023,Shelby,Phelps,N/A,N/A,regular_ticket_buyers,super_user
5024,Michael,Dudley,N/A,N/A,regular_ticket_buyers,super_user
5026,Tyler,Cooke,N/A,N/A,regular_ticket_buyers,super_user
5030,Shelly,Johnson,N/A,N/A,regular_ticket_buyers,super_user
5034,Carrie,Soto,N/A,N/A,regular_ticket_buyers,super_user
5037,Cynthia,Watkins,N/A,N/A,regular_ticket_buyers,super_user
5040,Tanner,Robles,N/A,N/A,regular_ticket_buyers,super_user
5043,Raymond,Frazier,N/A,N/A,regular_ticket_buyers,super_user
5047,Jennifer,Heath,N/A,N/A,regular_ticket_buyers,super_user
5049,Chad,Butler,N/A,N/A,regular_ticket_buyers,super_user
5052,Erik,Collins,N/A,N/A,regular_ticket_buyers,super_user
5054,Margaret,Carter,N/A,N/A,regular_ticket_buyers,super_user
5055,Kathleen,Kent,N/A,N/A,regular_ticket_buyers,super_user
5057,Lisa,Santiago,N/A,N/A,regular_ticket_buyers,super_user
5065,Veronica,Watson,N/A,N/A,regular_ticket_buyers,super_user
5069,George,Phillips,N/A,N/A,regular_ticket_buyers,super_user
5072,Miguel,Evans,N/A,N/A,regular_ticket_buyers,super_user
5082,Thomas,Rasmussen,N/A,N/A,regular_ticket_buyers,super_user
5085,Anita,Norman,N/A,N/A,regular_ticket_buyers,super_user
5089,Madison,Adams,N/A,N/A,regular_ticket_buyers,super_user
5090,Jamie,Thomas,N/A,N/A,regular_ticket_buyers,super_user
5092,Adrian,Horn,N/A,N/A,regular_ticket_buyers,super_user
5094,Jeffrey,Newman,N/A,N/A,regular_ticket_buyers,super_user
5100,Dawn,Mitchell,N/A,N/A,regular_ticket_buyers,super_user
5103,Robert,Thompson,N/A,N/A,regular_ticket_buyers,super_user
5107,Daniel,Hernandez,N/A,N/A,regular_ticket_buyers,super_user
5111,Karen,Horn,N/A,N/A,regular_ticket_buyers,super_user
5113,Joshua,Miller,N/A,N/A,regular_ticket_buyers,super_user
5121,Daniel,Turner,N/A,N/A,regular_ticket_buyers,super_user
5122,Robert,Porter,N/A,N/A,regular_ticket_buyers,super_user
5124,Mckenzie,Hayes,N/A,N/A,regular_ticket_buyers,super_user
5129,Jonathan,Diaz,N/A,N/A,regular_ticket_buyers,super_user
5133,Randall,Fleming,N/A,N/A,regular_ticket_buyers,super_user
5134,Cindy,Sanford,N/A,N/A,regular_ticket_buyers,super_user
5140,Casey,Warner,N/A,N/A,regular_ticket_buyers,super_user
5142,Sara,Johnson,N/A,N/A,regular_ticket_buyers,super_user
5143,Peter,Thompson,N/A,N/A,regular_ticket_buyers,super_user
5149,Heather,Barnes,N/A,N/A,regular_ticket_buyers,super_user
5153,Elizabeth,Powell,N/A,N/A,regular_ticket_buyers,super_user
5158,Jeffrey,Miranda,N/A,N/A,regular_ticket_buyers,super_user
5159,Shawn,Paul,N/A,N/A,regular_ticket_buyers,super_user
5163,Michael,Bryant,N/A,N/A,regular_ticket_buyers,super_user
5167,Amy,Myers,N/A,N/A,regular_ticket_buyers,super_user
5176,Andrew,Steele,N/A,N/A,regular_ticket_buyers,super_user
5184,Thomas,Boone,N/A,N/A,regular_ticket_buyers,super_user
5185,Claudia,Giles,N/A,N/A,regular_ticket_buyers,super_user
5190,Robert,Schroeder,N/A,N/A,regular_ticket_buyers,super_user
5200,Benjamin,Lam,N/A,N/A,regular_ticket_buyers,super_user
5202,Elizabeth,Jackson,N/A,N/A,regular_ticket_buyers,super_user
5204,Megan,Mata,N/A,N/A,regular_ticket_buyers,super_user
5210,James,Wang,N/A,N/A,regular_ticket_buyers,super_user
5231,Austin,Weaver,N/A,N/A,regular_ticket_buyers,super_user
5237,Jessica,Hudson,N/A,N/A,regular_ticket_buyers,super_user
5240,Ann,Nunez,N/A,N/A,regular_ticket_buyers,super_user
5246,Brent,Brown,N/A,N/A,regular_ticket_buyers,super_user
5247,Tammy,Rodriguez,N/A,N/A,regular_ticket_buyers,super_user
5254,John,Burnett,N/A,N/A,regular_ticket_buyers,super_user
5262,Joanne,Robinson,N/A,N/A,regular_ticket_buyers,super_user
5278,Michael,Jones,N/A,N/A,regular_ticket_buyers,super_user
5279,Mark,Armstrong,N/A,N/A,regular_ticket_buyers,super_user
5281,Kendra,Madden,N/A,N/A,regular_ticket_buyers,super_user
5283,Michael,Hutchinson,N/A,N/A,regular_ticket_buyers,super_user
5286,Nathan,Ho,N/A,N/A,regular_ticket_buyers,super_user
5287,Derrick,Ferguson,N/A,N/A,regular_ticket_buyers,super_user
5292,Diana,Hayes,N/A,N/A,regular_ticket_buyers,super_user
5293,Scott,Patton,N/A,N/A,regular_ticket_buyers,super_user
5298,Benjamin,Williams,N/A,N/A,regular_ticket_buyers,super_user
5300,Cesar,Smith,N/A,N/A,regular_ticket_buyers,super_user
5304,William,Bell,N/A,N/A,regular_ticket_buyers,super_user
5306,Amy,Dean,N/A,N/A,regular_ticket_buyers,super_user
5311,Lucas,Shaffer,N/A,N/A,regular_ticket_buyers,super_user
5314,Sean,Moore,N/A,N/A,regular_ticket_buyers,super_user
5316,Katherine,Henderson,N/A,N/A,regular_ticket_buyers,super_user
5317,Lindsey,Brown,N/A,N/A,regular_ticket_buyers,super_user
5325,Beth,Hays,N/A,N/A,regular_ticket_buyers,super_user
5326,Craig,May,N/A,N/A,regular_ticket_buyers,super_user
5330,Thomas,Davis,N/A,N/A,regular_ticket_buyers,super_user
5331,Kayla,Donovan,N/A,N/A,regular_ticket_buyers,super_user
5339,David,Myers,N/A,N/A,regular_ticket_buyers,super_user
5351,David,Munoz,N/A,N/A,regular_ticket_buyers,super_user
5361,Juan,Fisher,N/A,N/A,regular_ticket_buyers,super_user
5364,Shelley,Kelley,N/A,N/A,regular_ticket_buyers,super_user
5368,Christopher,Gates,N/A,N/A,regular_ticket_buyers,super_user
5370,Benjamin,Miller,N/A,N/A,regular_ticket_buyers,super_user
5372,David,Scott,N/A,N/A,regular_ticket_buyers,super_user
5375,Tina,White,N/A,N/A,regular_ticket_buyers,super_user
5388,Alexandra,Anderson,N/A,N/A,regular_ticket_buyers,super_user
5393,Kendra,Phillips,N/A,N/A,regular_ticket_buyers,super_user
5398,Sarah,Shaw,N/A,N/A,regular_ticket_buyers,super_user
5399,Michael,Morrow,N/A,N/A,regular_ticket_buyers,super_user
5404,Nicholas,Stephenson,N/A,N/A,regular_ticket_buyers,super_user
5416,James,Fowler,N/A,N/A,regular_ticket_buyers,super_user
5421,Kenneth,Stevenson,N/A,N/A,regular_ticket_buyers,super_user
5422,Rachel,Green,N/A,N/A,regular_ticket_buyers,super_user
5424,Michael,Carter,N/A,N/A,regular_ticket_buyers,super_user
5432,Daniel,Williams,N/A,N/A,regular_ticket_buyers,super_user
5433,Timothy,Martinez,N/A,N/A,regular_ticket_buyers,super_user
5443,Diane,Booth,N/A,N/A,regular_ticket_buyers,super_user
5445,Scott,Sanchez,N/A,N/A,regular_ticket_buyers,super_user
5446,Matthew,Thompson,N/A,N/A,regular_ticket_buyers,super_user
5448,Edward,Hunter,N/A,N/A,regular_ticket_buyers,super_user
5452,Whitney,Arias,N/A,N/A,regular_ticket_buyers,super_user
5457,Timothy,Weber,N/A,N/A,regular_ticket_buyers,super_user
5475,Peter,Mccarthy,N/A,N/A,regular_ticket_buyers,super_user
5493,Austin,Weaver,N/A,N/A,regular_ticket_buyers,super_user
5499,Michelle,Richardson,N/A,N/A,regular_ticket_buyers,super_user
5509,Heather,Robinson,N/A,N/A,regular_ticket_buyers,super_user
5515,Douglas,Gordon,N/A,N/A,regular_ticket_buyers,super_user
5524,Maria,Schmidt,N/A,N/A,regular_ticket_buyers,super_user
5526,David,Johnson,N/A,N/A,regular_ticket_buyers,super_user
5574,William,Townsend,N/A,N/A,regular_ticket_buyers,super_user
5617,Cassie,White,N/A,N/A,regular_ticket_buyers,super_user
5632,Gary,Lozano,N/A,N/A,regular_ticket_buyers,super_user
5654,Donna,Holder,N/A,N/A,regular_ticket_buyers,super_user
5663,Tracy,Neal,N/A,N/A,regular_ticket_buyers,super_user
5666,Chad,Bryan,N/A,N/A,regular_ticket_buyers,super_user
5677,Mitchell,Porter,N/A,N/A,regular_ticket_buyers,super_user
5678,Whitney,Baker,N/A,N/A,regular_ticket_buyers,super_user
5694,Laura,Rogers,N/A,N/A,regular_ticket_buyers,super_user
5712,Marcus,Snyder,N/A,N/A,regular_ticket_buyers,super_user
5733,Paul,Jackson,N/A,N/A,regular_ticket_buyers,super_user
5735,Brian,Fuller,N/A,N/A,regular_ticket_buyers,super_user
5737,Michael,Bryan,N/A,N/A,regular_ticket_buyers,super_user
5743,Ashlee,Watts,N/A,N/A,regular_ticket_buyers,super_user
5751,Kelly,Campbell,N/A,N/A,regular_ticket_buyers,super_user
5754,Denise,Conner,N/A,N/A,regular_ticket_buyers,super_user
5759,Anita,Norman,N/A,N/A,regular_ticket_buyers,super_user
5780,Todd,Johnson,N/A,N/A,regular_ticket_buyers,super_user
5781,Margaret,Carter,N/A,N/A,regular_ticket_buyers,super_user
