id,first_name,last_name,phone_number,email,home_address
0,Patricia,Aguirre,380-810-6128x2064,jpatterson@example.net,"45489 Cooper Neck, Johnsonmouth, UT 68505"
1,Kimberly,Trevino,959.799.4904,shawdana@example.com,"417 Smith Turnpike Suite 883, West Brandonchester, MS 16453"
2,Nancy,Werner,+1-316-269-9702x7469,stevensimmons@example.com,"975 Christopher Dam, North Matthewstad, ME 27909"
3,Jennifer,Perkins,+1-403-332-8416x732,fhall@example.net,"PSC 1463, Box 3535, APO AA 42051"
4,James,Garcia,812.875.9471x258,melissaknox@example.net,"2588 Anthony Prairie, Roachfurt, SD 33346"
5,Kimberly,Bell,(899)714-9823,hawkinswilliam@example.com,"USCGC Cannon, FPO AP 10540"
6,Erica,Evans,284.437.6066x786,qharris@example.net,"Unit 4899 Box 4986, DPO AA 44375"
7,Elizabeth,Aguirre,849.249.4222,brewersamuel@example.org,"56570 Amy Spur Suite 045, Thompsonburgh, MP 40644"
8,Alyssa,Nichols,(709)989-0452x391,ann70@example.org,"727 Sandra Club, Port Susan, WI 68648"
9,Angel,Carroll,801-576-6551x8917,mtorres@example.org,"PSC 5781, Box 0518, APO AA 57919"
10,Kimberly,Shaw,(645)663-4377,seanschaefer@example.org,"7022 Michael Corner, Michaelville, TX 29543"
11,Justin,Cortez,(927)910-1797x9481,qgaines@example.com,"47741 Jessica Vista, Port Anitaport, IL 80629"
12,Monica,Hughes,(881)750-4219x790,mezatommy@example.com,"5692 Ortiz Drive Suite 140, West Danielbury, UT 60231"
13,Kimberly,Young,856.772.9151x3993,kcurtis@example.com,"492 Thomas Mill Apt. 144, Kaylafort, MA 67831"
14,Steven,Owen,297-845-5300,cglover@example.com,"2616 Castro Islands, North Sharon, PR 33690"
15,Julia,Tran,+1-775-628-7961,griffintimothy@example.com,"414 Heather Road Suite 980, Rosemouth, WA 42020"
16,John,Hall,564.527.7397,ibarraalex@example.org,"9945 Bell Bridge Suite 485, Juanfort, MP 44934"
17,April,Nguyen,2115666458,jonesjason@example.net,"355 Joseph Lake Suite 916, Benjaminton, AZ 63675"
18,Crystal,Parker,379.723.0439,andersonpaul@example.com,"063 William Fork Suite 944, West James, KY 28524"
19,Cynthia,Watson,001-273-235-4100,jmoore@example.com,"Unit 4354 Box 8828, DPO AA 87580"
20,Eric,Wilkinson,717.259.1323x7028,fosterryan@example.org,"02774 Jonathan Mountains Apt. 672, Kerrystad, VT 08408"
21,Patrick,Murray,343.542.7843,icasey@example.net,"895 Margaret Lodge, Port Kristopherview, VT 31230"
22,Brandon,Olson,(465)535-5780x640,arthurscott@example.com,"9600 Baker Via, Davisshire, UT 21630"
23,Michael,Fritz,609.691.3593x265,luismendez@example.com,"44866 Lewis Parkway, Taramouth, VT 90868"
24,Jessica,Meza,672-362-7847x6578,foxadam@example.org,"2281 Rios Light, Johnton, NV 60209"
25,Rebecca,Williamson,857-544-1380x865,karenolsen@example.org,"1200 Burnett Summit, Spencerton, MH 55883"
26,Shirley,Rivera,001-426-338-3521x79851,april41@example.org,"826 Leonard Lodge Suite 587, Port Albertland, ID 25202"
27,Matthew,Rodriguez,(757)259-2950x7894,samuelreynolds@example.org,"036 Nathaniel Route Apt. 725, Richardport, RI 92267"
28,Jessica,Dickerson,722.736.7491,cindyberger@example.com,"849 Reynolds Freeway Apt. 731, New Laurenshire, WY 11014"
29,Rebecca,Farmer,(347)341-8777x222,uklein@example.org,"46116 Wolfe Cape Apt. 956, Santanachester, AL 30197"
30,Teresa,West,2793940701,rhonda23@example.org,"24108 Roth Causeway, New Carol, MO 05759"
31,Joshua,Stevens,001-287-665-1809x13395,geraldreyes@example.com,"351 Benson Junction Apt. 944, Allenville, VA 12472"
32,Alejandra,Simmons,(204)696-5057,qmorrow@example.org,"41085 Samuel Route Apt. 897, Gilmorefurt, VI 62715"
33,Joseph,Barnes,676-395-6662x239,kpotter@example.org,"2284 James Keys, Gallegosville, RI 17528"
34,Antonio,Everett,+1-847-964-0156x328,kristinajohnson@example.org,"39792 Carolyn Loaf, Joshuaborough, NE 09999"
35,William,Hawkins,(438)552-5023x40047,deborah39@example.com,"562 Nelson Spurs Apt. 213, Davisfurt, ME 08384"
36,Danny,Coffey,+1-264-810-6517x2268,sarahaustin@example.com,"955 Brock Trail Apt. 705, Brownbury, MN 41549"
37,Laura,Fisher,9094112165,savannah69@example.org,"7304 Kimberly Well, New Raventon, MP 82526"
38,Cynthia,Montoya,001-950-279-6384x8382,oparker@example.net,"626 Robertson Estate, New Christineport, OH 17647"
39,Karen,Harris,487-586-9535,dayjose@example.net,"PSC 1479, Box 1475, APO AA 19579"
40,Mark,Roberts,001-544-532-8900x2076,iroth@example.com,"722 Johnson Rapids Suite 658, South Rachelville, ND 47122"
41,Tara,Rios,(528)882-5236x106,hvasquez@example.net,"219 Young Via Apt. 677, Longberg, PR 68073"
42,Marco,Williamson,+1-482-302-8060x631,edgarjacobs@example.com,"143 Summers Circle Suite 317, West Jeffrey, MA 50694"
43,Ryan,Barnes,(200)364-9764,znielsen@example.net,"73164 Jennifer Landing, East Andrewburgh, MH 43334"
44,Jennifer,Brown,(771)343-6991,amy43@example.org,"9819 John Plain Suite 168, New Donald, NJ 07332"
45,Amber,Sheppard,599.537.0433x53158,donald80@example.org,"552 Lisa Field Suite 581, Amandafurt, TX 92072"
46,Peter,Smith,+1-770-802-0083,robinsontyler@example.net,"7284 Walker Park, Jennamouth, IA 80891"
47,Paul,Zuniga,490-480-6212,mary11@example.com,"285 Underwood Extension Apt. 638, Lake Amymouth, IL 19761"
48,Joshua,Hickman,001-674-813-4648x4767,wilsonrussell@example.net,"15293 Sims Park Apt. 633, Smithhaven, MN 04078"
49,John,Brown,(217)612-1050x216,qmitchell@example.org,"7481 Morgan Stravenue Suite 812, South Donald, MH 19938"
50,Lisa,Mcintyre,500-844-2658x513,combschristopher@example.net,"14581 Pena Ferry Suite 071, Smithton, GA 95477"
51,Brenda,Cooper,001-334-708-1358,wgoodwin@example.net,"894 Woods Ranch, Jacksonchester, AS 89679"
52,Bryce,Powell,285.892.3634,psmith@example.net,"676 Gallegos Dam, Dunlapfurt, GU 70178"
53,Kyle,Mccarty,+1-820-706-5792x852,teresabrown@example.org,"4266 Kramer Walks, North Alexander, MD 67852"
54,Joel,Snyder,001-243-399-4973,mosswarren@example.com,"2070 Henderson Passage, Hodgeburgh, ME 06320"
55,Michael,Sullivan,763-897-3468x8789,emily97@example.com,"983 Alexandra Meadows Apt. 625, Greerville, MS 24901"
56,Brian,Malone,974.548.5641x00913,justin80@example.com,"010 Reynolds Inlet, Kathyborough, GA 66795"
57,Shelby,Adams,(686)674-5268,jesse63@example.com,"38916 Rodriguez Lights Apt. 221, East Sydney, GA 52777"
58,Karen,Jackson,001-795-926-5244x6946,louis31@example.org,"Unit 3083 Box 0284, DPO AA 32276"
59,Cameron,Reid,605.410.0754x6180,qking@example.com,"6128 Decker Junctions, Suttonmouth, NM 62866"
60,Jennifer,Leon,2693572363,salazarmichael@example.org,"173 Chapman Ports Suite 309, Hernandezland, LA 75961"
61,Wayne,Lawson,(694)549-8440,stephaniehancock@example.org,"Unit 9280 Box 9222, DPO AP 73017"
62,Jason,Campbell,001-848-745-8961,harveyjesse@example.org,"0753 Johnson Ways, Mcguireland, NV 06060"
63,Amy,Villanueva,001-272-971-4563,michellewalker@example.net,"904 Clifford Squares Apt. 124, Melissashire, AR 51546"
64,Marissa,Harrison,437.397.1866x671,ftaylor@example.com,"07049 Rivera Summit Apt. 735, Port Michaelville, CA 36944"
65,Susan,Summers,548-836-0539,ronald83@example.org,"86500 Kari Corners, West Jimmymouth, WI 49898"
66,Donna,Curtis,226.468.8857x73558,cobbjoshua@example.org,"3119 Douglas Flats, Port Michelle, GA 14969"
67,Amber,Kelly,(327)508-1288,sean85@example.com,"USNS Jones, FPO AE 15674"
68,Tammy,Landry,(761)360-3536,daniel94@example.com,"2739 Brandy Mountains Apt. 996, Lake Lauraview, WA 67154"
69,Alexander,Parker,827-867-5757x7648,jacquelineoliver@example.com,"0970 Melinda Gardens Suite 351, Davidland, WA 92515"
70,Laura,Owens,(578)987-1806x133,joseph05@example.com,"0986 Thomas Orchard, West Shannon, WA 93161"
71,Leah,Houston,262.384.9417,cheryl88@example.com,"11251 Dudley Track, South Davidborough, WY 62270"
72,Robert,Wolfe,001-294-421-0779,kruegerbrianna@example.org,"048 Reilly Forges Suite 564, East John, CT 39262"
73,Jennifer,Smith,+1-212-992-1907x7092,katie53@example.net,"04836 Burton Crossroad, Anitastad, NH 44550"
74,Nathan,Reyes,001-881-653-7409,plloyd@example.com,"29745 Gary Summit Suite 834, Jeffreyburgh, MI 31891"
75,Audrey,Merritt,648.672.6435x18875,joshua96@example.net,"90065 Misty Dam Suite 188, West Suzanne, CT 52900"
76,Christopher,Chavez,698.601.2016x13714,wblack@example.com,"2955 Matthew Ports, Hernandezshire, SC 69243"
77,Julie,Wright,873-382-6702x55572,tfoster@example.net,"60958 Eric Brooks, Nicholasburgh, DE 08342"
78,Matthew,Manning,(318)973-8030x8114,angel76@example.org,"030 Kevin Plains Suite 911, Randallhaven, DE 17161"
79,Paul,Thompson,001-508-644-6790x68721,ojones@example.com,"4048 Williams Squares Suite 830, Victorville, WV 43292"
80,Lisa,Young,(933)558-1340,martin06@example.net,"Unit 6034 Box 1531, DPO AE 71020"
81,Brian,Vargas,(708)331-2498x9770,rirwin@example.org,"522 Thomas Rue, South Mark, VI 76657"
82,Lindsay,Trujillo,(860)235-5303x18728,johnsonsarah@example.org,"PSC 3211, Box 7178, APO AP 93360"
83,Angela,Crane,+1-726-578-0699,hparker@example.net,"62799 Martin Bridge Apt. 065, Port Michelle, OR 50259"
84,Caitlyn,Mahoney,001-859-223-5745,moodyscott@example.net,"PSC 8787, Box 0692, APO AA 07226"
85,Rachel,Kane,993-213-1124x97460,hharmon@example.net,"8772 Lisa Underpass Apt. 190, Pittmanside, PR 72216"
86,Zachary,Peters,974.490.0934,brendawilliams@example.net,"790 Gordon Street, Lake Alexandria, LA 70911"
87,Joseph,Hughes,450-232-0702,rwilson@example.net,"3444 Frost Knoll Apt. 479, Lake Regina, GU 76624"
88,Angela,Galloway,+1-311-702-5336x133,johnsonjamie@example.org,"49773 Taylor Spring Suite 717, Campbellshire, VI 48313"
89,Angela,Stewart,+1-715-916-5921x382,rogerwilliams@example.com,"8458 Edwards Trace, North Johnberg, MO 67023"
90,Jennifer,Williams,001-983-282-2943,ashley33@example.com,"230 Leslie Ways, Port Anthony, VT 26593"
91,Andrew,Klein,+1-587-716-0853x502,cuevassara@example.com,"6370 Wiggins Fork, Whiteton, NV 18755"
92,Michael,Jackson,529.867.3765,alanmartinez@example.org,"557 Daniels Skyway Apt. 725, Thomasville, MS 69153"
93,Russell,Santos,+1-430-487-7405,zamorakaren@example.org,"USNS Taylor, FPO AE 82523"
94,Erin,Finley,869-263-8761x4593,vpruitt@example.com,"5355 Davis Terrace, Suttonbury, UT 39288"
95,Scott,Barnes,+1-433-771-6780,hhubbard@example.net,"23633 Garcia Crossing, South Roymouth, VA 85744"
96,Ryan,Potter,856.285.7336,lbrown@example.org,"884 Higgins Fields Suite 294, East Sheila, MH 13754"
97,Kim,Peterson,539-234-5759x048,jason58@example.net,"737 Eric Grove Apt. 839, Smithburgh, AK 26718"
98,Michael,Gonzalez,638-771-2213x51091,douglasdavid@example.net,"4246 Higgins Way, South Danielshire, WA 38004"
99,Zachary,Baldwin,001-932-740-6756,jreed@example.org,"19344 Thomas Burgs, East Davidchester, GU 04325"
